raw_id,property_address,city_name,state_code,zip_code,neighborhood_name,property_type,bedrooms,bathrooms,sqft,asking_price,closed_price,transaction_date,status,agent_full_name,agent_email,agent_phone,office_name,client_full_name,client_email,client_phone,client_type,service_type
1,965 Ocean Ave,New York,NY,10012,Tribeca,Co-op,6,5.0,3216,"$7,406,448","$7,315,474",2025-02-10,Closed,Emily Clark,emily.clark1@dreamhomes.com,212-555-0001,Manhattan Flagship Office,Richard Johnson,richard.johnson311@gmail.com,917-555-0311,Investor,Lease
2,633 Broadway,New York,NY,10012,SoHo,Condo,2,1.5,3310,"$8,139,290","$7,997,804",2025-03-06,Closed,Emily Clark,emily.clark1@dreamhomes.com,212-555-0001,Manhattan Flagship Office,Andrew Thompson,andrew.thompson11@gmail.com,917-555-0011,Investor,Buy
3,459 5th Ave,New York,NY,10012,Tribeca,Condo,4,4.0,1297,"$2,986,991","$2,915,246",2025-01-18,Closed,Emily Clark,emily.clark1@dreamhomes.com,212-555-0001,Manhattan Flagship Office,Sarah Hernandez,sarah.hernandez198@gmail.com,917-555-0198,Buyer,Buy
4,571 Washington St,New York,NY,10012,Tribeca,Single Family,4,4.0,3347,"$7,979,248","$8,129,261",2025-02-13,Closed,Emily Clark,emily.clark1@dreamhomes.com,212-555-0001,Manhattan Flagship Office,Sandra Martin,sandra.martin53@gmail.com,917-555-0053,Investor,Lease
5,141 Park Ave,New York,NY,10012,SoHo,Single Family,6,5.0,1720,"$4,301,720","$4,143,718",2025-01-26,Closed,Emily Clark,emily.clark1@dreamhomes.com,212-555-0001,Manhattan Flagship Office,Sarah Moore,sarah.moore118@gmail.com,917-555-0118,Renter,Buy
6,896 5th Ave,New York,NY,10012,Upper East Side,Multi-Family,4,3.0,3324,"$6,282,360","$6,241,111",2025-04-07,Closed,Emily Clark,emily.clark1@dreamhomes.com,212-555-0001,Manhattan Flagship Office,Daniel Clark,daniel.clark135@gmail.com,917-555-0135,Renter,Buy
7,696 Park Ave,New York,NY,10012,SoHo,Multi-Family,3,2.2,3810,"$9,460,230",$0,2025-03-18,Active,Emily Clark,emily.clark1@dreamhomes.com,212-555-0001,Manhattan Flagship Office,David Rodriguez,david.rodriguez87@gmail.com,917-555-0087,Investor,Buy
8,585 Broadway,New York,ny,10012,Tribeca,Townhouse,6,5.0,3589,"$8,233,166","$8,307,527",2025-06-02,Closed,Emily Clark,emily.clark1@dreamhomes.com,212-555-0001,Manhattan Flagship Office,Daniel Thompson,daniel.thompson264@gmail.com,917-555-0264,Seller,Buy
9,861 Broadway,New York,NY,10012,Tribeca,Co-op,6,5.5,2990,"$7,202,910","$7,225,862",2025-06-07,Closed,Emily Clark,emily.clark1@dreamhomes.com,212-555-0001,Manhattan Flagship Office,Susan Martinez,susan.martinez260@gmail.com,917-555-0260,Renter,Buy
10,608 5th Ave,New York,NY,10012,Tribeca,Multi-Family,2,1.5,2525,"$6,092,825","$6,091,759",2025-04-04,Closed,Emily Clark,emily.clark1@dreamhomes.com,212-555-0001,Manhattan Flagship Office,Jessica Thomas,jessica.thomas125@gmail.com,917-555-0125,Buyer,Lease
11,204 Broadway,New York,NY,10012,Upper East Side,Condo,1,0.8,1681,"$3,015,714","$2,959,886",2025-02-10,Closed,Emily Clark,emily.clark1@dreamhomes.com,212-555-0001,Manhattan Flagship Office,Andrew Martin,andrew.martin223@gmail.com,917-555-0223,Buyer,Lease
12,110 5th Ave,New York,NY,10012,Upper East Side,Condo,1,0.8,1690,"$3,128,190","$3,122,306",2025-06-12,Closed,Emily Clark,emily.clark1@dreamhomes.com,212-555-0001,Manhattan Flagship Office,Linda Garcia,linda.garcia265@gmail.com,917-555-0265,Seller,Lease
13,669 Washington St,New York,NY,10012,Tribeca,Single Family,1,0.8,1071,"$2,649,654","$2,549,111",2025-06-10,Closed,Emily Clark,emily.clark1@dreamhomes.com,212-555-0001,Manhattan Flagship Office,Nancy Lopez,nancy.lopez212@gmail.com,917-555-0212,Investor,Sell
14,983 Washington St,New York,NY,10012,SoHo,Multi-Family,4,3.5,3234,"$7,664,580","$7,493,771",2025-02-08,Closed,Emily Clark,emily.clark1@dreamhomes.com,212-555-0001,Manhattan Flagship Office,Thomas Ramirez,thomas.ramirez228@gmail.com,917-555-0228,Renter,Buy
15,72 5th Ave,New York,NY,10012,Upper East Side,Townhouse,2,1.5,884,"$1,701,700","$1,735,923",2025-01-17,Closed,Emily Clark,emily.clark1@dreamhomes.com,212-555-0001,Manhattan Flagship Office,Carol Ramirez,carol.ramirez227@gmail.com,917-555-0227,Seller,Buy
16,444 Washington St,New York,ny,10012,Tribeca,Condo,1,1.2,1543,"$3,684,684","$3,575,835",2025-05-20,Closed,Emily Clark,emily.clark1@dreamhomes.com,212-555-0001,Manhattan Flagship Office,Betty Smith,betty.smith269@gmail.com,917-555-0269,Renter,Sell
17,965 Washington St,New York,NY,10012,SoHo,Condo,2,2.5,3283,"$7,885,766","$7,997,133",2025-01-27,Closed,Emily Clark,emily.clark1@dreamhomes.com,212-555-0001,Manhattan Flagship Office,Thomas Sanchez,thomas.sanchez116@gmail.com,917-555-0116,Seller,Buy
18,769 Park Ave,New York,NY,10012,Upper East Side,Condo,5,4.8,1882,"$3,445,942","$3,443,169",2025-05-29,Closed,Emily Clark,emily.clark1@dreamhomes.com,212-555-0001,Manhattan Flagship Office,William Brown,william.brown160@gmail.com,917-555-0160,Investor,Sell
19,882 Broadway,New York,NY,10012,SoHo,Multi-Family,4,3.5,939,"$2,315,574","$2,297,482",2025-03-16,Closed,Emily Clark,emily.clark1@dreamhomes.com,212-555-0001,Manhattan Flagship Office,Nancy Lopez,nancy.lopez212@gmail.com,917-555-0212,Investor,Lease
20,11 Grand St,New York,NY,10012,Upper East Side,Multi-Family,4,3.0,2265,"$4,262,730","$4,140,126",2025-01-29,Closed,Emily Clark,emily.clark1@dreamhomes.com,212-555-0001,Manhattan Flagship Office,Richard Johnson,richard.johnson311@gmail.com,917-555-0311,Investor,Sell
21,482 Park Ave,New York,NY,10012,Upper East Side,Single Family,6,5.0,3781,"$7,233,053","$7,066,079",2025-06-15,Closed,Emily Clark,emily.clark1@dreamhomes.com,212-555-0001,Manhattan Flagship Office,Richard Lopez,richard.lopez218@gmail.com,917-555-0218,Investor,Lease
22,788 Broadway,New York,NY,10012,Upper East Side,Condo,3,2.8,3895,"$7,493,980","$7,313,787",2025-04-07,Closed,Emily Clark,emily.clark1@dreamhomes.com,212-555-0001,Manhattan Flagship Office,Carol Harris,carol.harris184@gmail.com,917-555-0184,Buyer,Sell
23,567 Washington St,New York,NY,10012,Upper East Side,Single Family,3,2.8,841,"$1,549,122","$1,477,121",2025-01-06,Closed,Emily Clark,emily.clark1@dreamhomes.com,212-555-0001,Manhattan Flagship Office,Brian Lee,brian.lee151@gmail.com,917-555-0151,Renter,Lease
24,190 Washington St,New York,ny,10012,Tribeca,Townhouse,3,2.8,2028,"$4,988,880","$4,821,748",2025-01-15,Closed,Emily Clark,emily.clark1@dreamhomes.com,212-555-0001,Manhattan Flagship Office,Jennifer Wilson,jennifer.wilson40@gmail.com,917-555-0040,Seller,Sell
25,139 Washington St,New York,NY,10012,Tribeca,Multi-Family,5,4.2,1222,"$2,996,344","$2,970,255",2025-06-08,Closed,Emily Clark,emily.clark1@dreamhomes.com,212-555-0001,Manhattan Flagship Office,Richard White,richard.white28@gmail.com,917-555-0028,Renter,Buy
26,747 5th Ave,New York,NY,10012,Tribeca,Co-op,1,1.8,1073,"$2,473,265",$0,2025-01-19,Active,Emily Clark,emily.clark1@dreamhomes.com,212-555-0001,Manhattan Flagship Office,Michelle Hernandez,michelle.hernandez302@gmail.com,917-555-0302,Investor,Lease
27,580 Ocean Ave,New York,NY,10012,SoHo,Townhouse,5,4.8,898,"$2,260,266",$0,2025-03-15,Active,Emily Clark,emily.clark1@dreamhomes.com,212-555-0001,Manhattan Flagship Office,Carol White,carol.white210@gmail.com,917-555-0210,Seller,Buy
28,416 Ocean Ave,New York,NY,10012,Tribeca,Co-op,1,1.2,2076,"$4,810,092","$4,927,729",2025-05-18,Closed,Emily Clark,emily.clark1@dreamhomes.com,212-555-0001,Manhattan Flagship Office,Sarah Jackson,sarah.jackson85@gmail.com,917-555-0085,Buyer,Lease
29,806 Washington St,New York,NY,10012,SoHo,Townhouse,5,4.2,4164,"$10,185,144","$10,194,076",2025-07-20,Closed,Emily Clark,emily.clark1@dreamhomes.com,212-555-0001,Manhattan Flagship Office,Jennifer Gonzalez,jennifer.gonzalez1@gmail.com,917-555-0001,Renter,Buy
30,312 Washington St,New York,NY,10012,SoHo,Townhouse,2,2.0,3832,"$9,357,744","$9,002,706",2025-03-24,Closed,Emily Clark,emily.clark1@dreamhomes.com,212-555-0001,Manhattan Flagship Office,David Brown,david.brown82@gmail.com,917-555-0082,Buyer,Lease
31,696 Washington St,New York,NY,10012,SoHo,Co-op,4,3.5,1115,"$2,693,840","$2,575,244",2025-01-03,Closed,Emily Clark,emily.clark1@dreamhomes.com,212-555-0001,Manhattan Flagship Office,Anthony Hernandez,anthony.hernandez188@gmail.com,917-555-0188,Buyer,Lease
32,240 5th Ave,New York,ny,10012,Upper East Side,Co-op,2,2.0,1849,"$3,278,277","$3,261,823",2025-05-20,Closed,Emily Clark,emily.clark1@dreamhomes.com,212-555-0001,Manhattan Flagship Office,Andrew Jackson,andrew.jackson38@gmail.com,917-555-0038,Seller,Lease
33,492 Broadway,New York,NY,10012,Tribeca,Co-op,2,1.5,1595,"$3,859,900","$3,703,864",2025-03-06,Closed,Emily Clark,emily.clark1@dreamhomes.com,212-555-0001,Manhattan Flagship Office,Michelle Hernandez,michelle.hernandez302@gmail.com,917-555-0302,Investor,Lease
34,578 Broadway,New York,NY,10012,SoHo,Co-op,3,2.8,1064,"$2,646,168","$2,645,789",2025-03-15,Closed,Emily Clark,emily.clark1@dreamhomes.com,212-555-0001,Manhattan Flagship Office,Emily Gonzalez,emily.gonzalez274@gmail.com,917-555-0274,Buyer,Sell
35,324 Washington St,New York,NY,10012,SoHo,Single Family,4,4.0,939,"$2,255,478","$2,224,674",2025-07-02,Closed,Emily Clark,emily.clark1@dreamhomes.com,212-555-0001,Manhattan Flagship Office,Sandra Martin,sandra.martin53@gmail.com,917-555-0053,Investor,Sell
36,784 5th Ave,Hoboken,NJ,07030,Hoboken Waterfront,Condo,4,3.5,1963,"$2,308,488","$2,366,979",2025-01-13,Closed,Amanda Anderson,amanda.anderson9@dreamhomes.com,212-555-0009,Hoboken Uptown Office,Elizabeth Smith,elizabeth.smith35@gmail.com,917-555-0035,Investor,Buy
37,520 Park Ave,Jersey City,NJ,07302,Downtown Jersey City,Co-op,5,3.8,923,"$996,840","$996,927",2025-03-23,Closed,Michael Lewis,michael.lewis3@dreamhomes.com,212-555-0003,Jersey City Financial Center,Christopher Perez,christopher.perez49@gmail.com,917-555-0049,Investor,Buy
38,510 Ocean Ave,New York,NY,11201,Williamsburg,Single Family,5,4.8,3321,"$4,569,696","$4,649,011",2025-05-28,Closed,Kevin Martinez,kevin.martinez27@dreamhomes.com,212-555-0027,Brooklyn Waterfront Office,David Taylor,david.taylor253@gmail.com,917-555-0253,Seller,Lease
39,661 Ocean Ave,Hoboken,NJ,07030,Hoboken Waterfront,Single Family,3,2.2,3018,"$3,515,970","$3,487,783",2025-04-14,Closed,James Clark,james.clark14@dreamhomes.com,212-555-0014,Hoboken Uptown Office,Jennifer Anderson,jennifer.anderson276@gmail.com,917-555-0276,Renter,Sell
40,133 Ocean Ave,Hoboken,nj,07030,Hoboken Waterfront,Townhouse,4,4.0,1014,"$1,281,696","$1,266,050",2025-06-18,Closed,Lisa Lopez,lisa.lopez29@dreamhomes.com,212-555-0029,Hoboken Uptown Office,Barbara Perez,barbara.perez243@gmail.com,917-555-0243,Seller,Buy
41,19 Washington St,Greenwich,CT,06830,Stamford Downtown,Condo,3,2.2,1795,"$1,540,110","$1,488,683",2025-02-24,Closed,Emily Wilson,emily.wilson30@dreamhomes.com,212-555-0030,Greenwich Gold Coast Office,Elizabeth Martin,elizabeth.martin236@gmail.com,917-555-0236,Seller,Lease
42,325 5th Ave,New York,NY,11201,Williamsburg,Single Family,2,2.0,4087,"$6,065,108","$5,858,371",2025-06-04,Closed,Kenneth Taylor,kenneth.taylor2@dreamhomes.com,212-555-0002,Brooklyn Waterfront Office,David Smith,david.smith155@gmail.com,917-555-0155,Buyer,Sell
43,766 Park Ave,Greenwich,CT,06830,Stamford Downtown,Townhouse,5,4.2,1623,"$1,252,956","$1,275,443",2025-02-25,Closed,Jessica Smith,jessica.smith10@dreamhomes.com,212-555-0010,Greenwich Gold Coast Office,David Taylor,david.taylor312@gmail.com,917-555-0312,Investor,Lease
44,101 Grand St,Hoboken,NJ,07030,Hoboken Waterfront,Single Family,3,3.2,1778,"$2,288,286",$0,2025-07-09,Pending,Daniel Sanchez,daniel.sanchez19@dreamhomes.com,212-555-0019,Hoboken Uptown Office,David Hernandez,david.hernandez170@gmail.com,917-555-0170,Renter,Lease
45,426 5th Ave,Hoboken,NJ,07030,Hoboken Waterfront,Co-op,1,1.2,1520,"$1,757,120",$0,2025-02-27,Active,Carol Moore,carol.moore24@dreamhomes.com,212-555-0024,Hoboken Uptown Office,Brian Martin,brian.martin159@gmail.com,917-555-0159,Seller,Lease
46,722 Washington St,New York,NY,11201,Williamsburg,Condo,3,3.2,4172,"$5,815,768","$5,818,465",2025-03-12,Closed,Kevin Martinez,kevin.martinez27@dreamhomes.com,212-555-0027,Brooklyn Waterfront Office,John Rodriguez,john.rodriguez238@gmail.com,917-555-0238,Investor,Buy
47,732 Washington St,Greenwich,CT,06830,Stamford Downtown,Multi-Family,5,4.2,3850,"$3,195,500","$3,066,316",2025-06-25,Closed,Charles Martinez,charles.martinez25@dreamhomes.com,212-555-0025,Greenwich Gold Coast Office,Elizabeth White,elizabeth.white144@gmail.com,917-555-0144,Renter,Sell
48,942 Grand St,New York,ny,11201,DUMBO,Co-op,3,3.2,2100,"$3,437,700","$3,451,009",2025-01-04,Closed,Betty Rodriguez,betty.rodriguez17@dreamhomes.com,212-555-0017,Brooklyn Waterfront Office,Jessica Brown,jessica.brown348@gmail.com,917-555-0348,Renter,Buy
49,141 Broadway,Hoboken,NJ,07030,Hoboken Waterfront,Townhouse,3,2.8,2920,"$3,772,640",$0,2025-07-09,Active,Daniel Sanchez,daniel.sanchez19@dreamhomes.com,212-555-0019,Hoboken Uptown Office,Brian Lewis,brian.lewis39@gmail.com,917-555-0039,Investor,Lease
50,582 Washington St,New York,NY,10012,Tribeca,Townhouse,1,0.8,2400,"$5,524,800","$5,427,065",2025-05-24,Closed,Emily Jones,emily.jones26@dreamhomes.com,212-555-0026,Manhattan Flagship Office,Anthony Jackson,anthony.jackson4@gmail.com,917-555-0004,Renter,Lease
51,617 Washington St,Jersey City,NJ,07302,Downtown Jersey City,Condo,6,4.5,3365,"$3,634,200","$3,457,912",2025-05-06,Closed,Michael Lewis,michael.lewis3@dreamhomes.com,212-555-0003,Jersey City Financial Center,Donna Lopez,donna.lopez27@gmail.com,917-555-0027,Buyer,Sell
52,43 Grand St,Greenwich,CT,06830,Greenwich Harbor,Co-op,5,3.8,2818,"$4,229,818",$0,2025-01-10,Pending,Donna Perez,donna.perez15@dreamhomes.com,212-555-0015,Greenwich Gold Coast Office,Barbara Smith,barbara.smith192@gmail.com,917-555-0192,Investor,Buy
53,929 Washington St,New York,NY,11201,Williamsburg,Multi-Family,5,4.2,2638,"$3,949,086","$3,994,536",2025-04-18,Closed,Kenneth Taylor,kenneth.taylor2@dreamhomes.com,212-555-0002,Brooklyn Waterfront Office,Brian Perez,brian.perez205@gmail.com,917-555-0205,Seller,Sell
54,880 Broadway,Greenwich,CT,06830,Stamford Downtown,Co-op,3,2.2,1128,"$847,128","$821,397",2025-03-03,Closed,Jessica Smith,jessica.smith10@dreamhomes.com,212-555-0010,Greenwich Gold Coast Office,Emily Taylor,emily.taylor20@gmail.com,917-555-0020,Renter,Sell
55,110 Broadway,New York,NY,10012,Upper East Side,Co-op,1,0.8,2067,"$3,704,064","$3,742,646",2025-01-23,Closed,Emily Clark,emily.clark1@dreamhomes.com,212-555-0001,Manhattan Flagship Office,Anthony Ramirez,anthony.ramirez221@gmail.com,917-555-0221,Buyer,Buy
56,53 Park Ave,Greenwich,ct,06830,Stamford Downtown,Co-op,5,3.8,983,"$756,910",$0,2025-02-05,Pending,Emily Wilson,emily.wilson30@dreamhomes.com,212-555-0030,Greenwich Gold Coast Office,Thomas Johnson,thomas.johnson215@gmail.com,917-555-0215,Renter,Buy
57,187 Park Ave,Jersey City,NJ,07302,Downtown Jersey City,Co-op,5,4.2,2743,"$2,756,715",$0,2025-05-08,Active,Nancy Williams,nancy.williams23@dreamhomes.com,212-555-0023,Jersey City Financial Center,Betty Smith,betty.smith310@gmail.com,917-555-0310,Seller,Lease
58,72 Grand St,Jersey City,NJ,07302,Downtown Jersey City,Co-op,5,4.8,1076,"$1,278,288",$0,2025-02-18,Active,Nancy Williams,nancy.williams23@dreamhomes.com,212-555-0023,Jersey City Financial Center,Mary Martinez,mary.martinez101@gmail.com,917-555-0101,Investor,Buy
59,118 Broadway,New York,NY,10012,Upper East Side,Condo,5,4.2,1303,"$2,402,732","$2,305,651",2025-05-30,Closed,Christopher Miller,christopher.miller16@dreamhomes.com,212-555-0016,Manhattan Flagship Office,Michelle Brown,michelle.brown305@gmail.com,917-555-0305,Investor,Lease
60,845 Broadway,New York,NY,10012,SoHo,Townhouse,4,3.5,2086,"$4,985,540","$4,861,528",2025-04-19,Closed,Christopher Miller,christopher.miller16@dreamhomes.com,212-555-0016,Manhattan Flagship Office,Michael Jones,michael.jones203@gmail.com,917-555-0203,Investor,Sell
61,282 Washington St,Hoboken,NJ,07030,Hoboken Waterfront,Townhouse,4,4.0,1400,"$1,653,400","$1,596,648",2025-05-21,Closed,Joseph Lewis,joseph.lewis4@dreamhomes.com,212-555-0004,Hoboken Uptown Office,Daniel Robinson,daniel.robinson47@gmail.com,917-555-0047,Buyer,Sell
62,841 Grand St,Greenwich,CT,06830,Greenwich Harbor,Townhouse,3,2.2,4135,"$6,785,535",$0,2025-04-12,Pending,Donna Perez,donna.perez15@dreamhomes.com,212-555-0015,Greenwich Gold Coast Office,Carol Harris,carol.harris78@gmail.com,917-555-0078,Seller,Lease
63,656 Grand St,Hoboken,NJ,07030,Hoboken Waterfront,Multi-Family,2,1.5,2960,"$3,809,520",$0,2025-02-04,Pending,Daniel Sanchez,daniel.sanchez19@dreamhomes.com,212-555-0019,Hoboken Uptown Office,Brian Martin,brian.martin159@gmail.com,917-555-0159,Seller,Sell
64,658 Ocean Ave,New York,ny,10012,Upper East Side,Single Family,2,2.0,1468,"$2,764,244","$2,729,321",2025-01-07,Closed,Emily Clark,emily.clark1@dreamhomes.com,212-555-0001,Manhattan Flagship Office,Karen White,karen.white350@gmail.com,917-555-0350,Buyer,Lease
65,470 Washington St,New York,NY,11201,DUMBO,Townhouse,1,1.8,1291,"$2,217,938",$0,2025-05-31,Pending,Linda Martinez,linda.martinez12@dreamhomes.com,212-555-0012,Brooklyn Waterfront Office,Jennifer Thompson,jennifer.thompson344@gmail.com,917-555-0344,Renter,Lease
66,650 Grand St,Greenwich,CT,06830,Greenwich Harbor,Single Family,1,1.2,2995,"$4,381,685",$0,2025-03-01,Active,Jessica Smith,jessica.smith10@dreamhomes.com,212-555-0010,Greenwich Gold Coast Office,Anthony Rodriguez,anthony.rodriguez119@gmail.com,917-555-0119,Investor,Lease
67,548 Grand St,New York,NY,10012,SoHo,Townhouse,5,4.2,3849,"$9,372,315",$0,2025-02-19,Active,Melissa Williams,melissa.williams11@dreamhomes.com,212-555-0011,Manhattan Flagship Office,James Wilson,james.wilson331@gmail.com,917-555-0331,Renter,Buy
68,121 Grand St,Greenwich,CT,06830,Stamford Downtown,Townhouse,6,4.5,3433,"$3,021,040","$3,036,338",2025-05-31,Closed,Emily Wilson,emily.wilson30@dreamhomes.com,212-555-0030,Greenwich Gold Coast Office,Michelle Perez,michelle.perez207@gmail.com,917-555-0207,Seller,Lease
69,790 Ocean Ave,Hoboken,NJ,07030,Hoboken Waterfront,Multi-Family,3,2.8,1049,"$1,275,584","$1,228,791",2025-02-24,Closed,Joseph Lewis,joseph.lewis4@dreamhomes.com,212-555-0004,Hoboken Uptown Office,Jennifer Jackson,jennifer.jackson279@gmail.com,917-555-0279,Buyer,Buy
70,44 Washington St,Hoboken,NJ,07030,Hoboken Waterfront,Multi-Family,3,2.2,1865,"$2,155,940","$2,099,130",2025-04-12,Closed,Daniel Sanchez,daniel.sanchez19@dreamhomes.com,212-555-0019,Hoboken Uptown Office,Donna Brown,donna.brown164@gmail.com,917-555-0164,Seller,Buy
71,752 Ocean Ave,New York,NY,11201,Williamsburg,Condo,1,1.8,3680,"$4,905,440","$5,004,608",2025-07-04,Closed,Kevin Moore,kevin.moore7@dreamhomes.com,212-555-0007,Brooklyn Waterfront Office,Elizabeth Thompson,elizabeth.thompson249@gmail.com,917-555-0249,Buyer,Sell
72,655 Broadway,Greenwich,ct,06830,Stamford Downtown,Condo,6,4.5,1492,"$1,409,940",$0,2025-03-11,Pending,Emily Wilson,emily.wilson30@dreamhomes.com,212-555-0030,Greenwich Gold Coast Office,Thomas Sanchez,thomas.sanchez116@gmail.com,917-555-0116,Seller,Sell
73,26 Washington St,Jersey City,NJ,07302,Paulus Hook,Single Family,5,4.2,944,"$1,040,288",$0,2025-06-17,Active,Michael Lewis,michael.lewis3@dreamhomes.com,212-555-0003,Jersey City Financial Center,Anthony Johnson,anthony.johnson209@gmail.com,917-555-0209,Seller,Lease
74,369 Washington St,New York,NY,10012,Tribeca,Co-op,1,1.2,1112,"$2,545,368","$2,545,869",2025-01-07,Closed,Melissa Williams,melissa.williams11@dreamhomes.com,212-555-0011,Manhattan Flagship Office,Mary Lopez,mary.lopez75@gmail.com,917-555-0075,Seller,Sell
75,266 Washington St,New York,NY,10012,SoHo,Single Family,2,1.5,2306,"$5,781,142","$5,618,080",2025-02-05,Closed,Carol Wilson,carol.wilson6@dreamhomes.com,212-555-0006,Manhattan Flagship Office,Betty Sanchez,betty.sanchez308@gmail.com,917-555-0308,Buyer,Lease
76,422 Ocean Ave,New York,NY,10012,Upper East Side,Co-op,3,2.2,3124,"$5,479,496",$0,2025-02-04,Active,Emily Jones,emily.jones26@dreamhomes.com,212-555-0026,Manhattan Flagship Office,Mary Wilson,mary.wilson110@gmail.com,917-555-0110,Seller,Lease
77,974 Grand St,New York,NY,10012,SoHo,Co-op,3,2.2,3798,"$8,936,694",$0,2025-02-03,Pending,Kenneth Lee,kenneth.lee21@dreamhomes.com,212-555-0021,Manhattan Flagship Office,Betty Hernandez,betty.hernandez95@gmail.com,917-555-0095,Seller,Sell
78,941 Grand St,Jersey City,NJ,07302,Paulus Hook,Co-op,4,4.0,2700,"$2,899,800","$2,821,879",2025-01-04,Closed,Nancy Williams,nancy.williams23@dreamhomes.com,212-555-0023,Jersey City Financial Center,Sarah Martinez,sarah.martinez185@gmail.com,917-555-0185,Renter,Buy
79,864 Washington St,Greenwich,CT,06830,Stamford Downtown,Multi-Family,6,5.0,1975,"$1,822,925","$1,752,244",2025-04-25,Closed,Jessica Smith,jessica.smith10@dreamhomes.com,212-555-0010,Greenwich Gold Coast Office,Anthony Ramirez,anthony.ramirez221@gmail.com,917-555-0221,Buyer,Buy
80,292 Ocean Ave,New York,ny,10012,Upper East Side,Co-op,5,4.8,2807,"$5,134,003","$5,137,151",2025-04-14,Closed,Kenneth Lee,kenneth.lee21@dreamhomes.com,212-555-0021,Manhattan Flagship Office,Karen Williams,karen.williams206@gmail.com,917-555-0206,Renter,Sell
81,413 Broadway,Greenwich,CT,06830,Greenwich Harbor,Co-op,5,3.8,2402,"$3,927,270","$3,844,487",2025-01-06,Closed,Donna Perez,donna.perez15@dreamhomes.com,212-555-0015,Greenwich Gold Coast Office,Karen Johnson,karen.johnson146@gmail.com,917-555-0146,Seller,Lease
82,958 Ocean Ave,Greenwich,CT,06830,Greenwich Harbor,Multi-Family,4,3.0,2183,"$3,403,297","$3,293,039",2025-02-22,Closed,Donna Perez,donna.perez15@dreamhomes.com,212-555-0015,Greenwich Gold Coast Office,Carol Martin,carol.martin261@gmail.com,917-555-0261,Renter,Buy
83,270 Broadway,Greenwich,CT,06830,Greenwich Harbor,Townhouse,5,4.2,2703,"$3,992,331","$4,034,416",2025-06-03,Closed,Matthew White,matthew.white20@dreamhomes.com,212-555-0020,Greenwich Gold Coast Office,Karen Williams,karen.williams206@gmail.com,917-555-0206,Renter,Buy
84,704 Washington St,Jersey City,NJ,07302,Paulus Hook,Condo,2,2.0,1531,"$1,463,636","$1,453,612",2025-02-02,Closed,Michael Anderson,michael.anderson13@dreamhomes.com,212-555-0013,Jersey City Financial Center,William Smith,william.smith216@gmail.com,917-555-0216,Renter,Buy
85,585 Park Ave,New York,NY,10012,Tribeca,Townhouse,5,4.8,2363,"$5,597,947","$5,643,506",2025-05-20,Closed,Christopher Miller,christopher.miller16@dreamhomes.com,212-555-0016,Manhattan Flagship Office,Jennifer Smith,jennifer.smith30@gmail.com,917-555-0030,Renter,Buy
86,350 Grand St,New York,NY,10012,SoHo,Co-op,5,4.2,1500,"$3,555,000","$3,555,290",2025-04-24,Closed,Carol Wilson,carol.wilson6@dreamhomes.com,212-555-0006,Manhattan Flagship Office,Carol White,carol.white210@gmail.com,917-555-0210,Seller,Lease
87,32 Washington St,Hoboken,NJ,07030,Hoboken Waterfront,Condo,1,0.8,906,"$1,176,894","$1,174,400",2025-05-08,Closed,Carol Moore,carol.moore24@dreamhomes.com,212-555-0024,Hoboken Uptown Office,Anthony Johnson,anthony.johnson209@gmail.com,917-555-0209,Seller,Lease
88,158 Park Ave,New York,ny,10012,Upper East Side,Co-op,2,1.5,2820,"$4,946,280",$0,2025-06-10,Pending,Carol Wilson,carol.wilson6@dreamhomes.com,212-555-0006,Manhattan Flagship Office,Richard Lopez,richard.lopez218@gmail.com,917-555-0218,Investor,Lease
89,232 Washington St,New York,NY,11201,Williamsburg,Single Family,2,2.0,2915,"$3,952,740","$3,875,059",2025-02-09,Closed,Betty Rodriguez,betty.rodriguez17@dreamhomes.com,212-555-0017,Brooklyn Waterfront Office,Betty Gonzalez,betty.gonzalez142@gmail.com,917-555-0142,Seller,Buy
90,725 5th Ave,Jersey City,NJ,07302,Paulus Hook,Townhouse,3,2.8,4090,"$4,286,320","$4,128,791",2025-02-23,Closed,Mary Ramirez,mary.ramirez28@dreamhomes.com,212-555-0028,Jersey City Financial Center,Mark Ramirez,mark.ramirez58@gmail.com,917-555-0058,Seller,Buy
91,462 Ocean Ave,Hoboken,NJ,07030,Hoboken Waterfront,Townhouse,5,3.8,1146,"$1,344,258","$1,317,088",2025-02-25,Closed,Lisa Lopez,lisa.lopez29@dreamhomes.com,212-555-0029,Hoboken Uptown Office,Daniel Jones,daniel.jones149@gmail.com,917-555-0149,Renter,Buy
92,599 Washington St,New York,NY,10012,Upper East Side,Townhouse,4,3.0,3427,"$6,302,253",$0,2025-01-17,Active,Emily Jones,emily.jones26@dreamhomes.com,212-555-0026,Manhattan Flagship Office,Carol Davis,carol.davis273@gmail.com,917-555-0273,Investor,Lease
93,909 Grand St,New York,NY,10012,SoHo,Co-op,2,1.5,1321,"$3,315,710","$3,254,998",2025-04-17,Closed,Emily Jones,emily.jones26@dreamhomes.com,212-555-0026,Manhattan Flagship Office,Sandra Ramirez,sandra.ramirez303@gmail.com,917-555-0303,Buyer,Sell
94,390 Ocean Ave,Greenwich,CT,06830,Greenwich Harbor,Co-op,5,3.8,3952,"$5,848,960","$5,821,068",2025-07-10,Closed,Donna Perez,donna.perez15@dreamhomes.com,212-555-0015,Greenwich Gold Coast Office,Michael Lopez,michael.lopez251@gmail.com,917-555-0251,Investor,Sell
95,185 Broadway,New York,NY,10012,Upper East Side,Co-op,6,5.5,3943,"$7,523,244","$7,517,711",2025-01-15,Closed,Emily Clark,emily.clark1@dreamhomes.com,212-555-0001,Manhattan Flagship Office,Nancy Harris,nancy.harris252@gmail.com,917-555-0252,Buyer,Buy
96,164 5th Ave,Jersey City,nj,07302,Paulus Hook,Townhouse,5,4.8,1575,"$1,685,250","$1,695,014",2025-02-25,Closed,Michael Anderson,michael.anderson13@dreamhomes.com,212-555-0013,Jersey City Financial Center,Sandra Lopez,sandra.lopez152@gmail.com,917-555-0152,Seller,Buy
97,393 Park Ave,Jersey City,NJ,07302,Downtown Jersey City,Townhouse,6,5.0,2088,"$2,088,000",$0,2025-01-19,Pending,Mary Ramirez,mary.ramirez28@dreamhomes.com,212-555-0028,Jersey City Financial Center,Jennifer Wilson,jennifer.wilson40@gmail.com,917-555-0040,Seller,Buy
98,767 Washington St,Greenwich,CT,06830,Stamford Downtown,Townhouse,1,1.8,2561,"$2,156,362",$0,2025-05-17,Active,Charles Martinez,charles.martinez25@dreamhomes.com,212-555-0025,Greenwich Gold Coast Office,Karen Johnson,karen.johnson146@gmail.com,917-555-0146,Seller,Buy
99,124 Grand St,New York,NY,10012,Tribeca,Single Family,6,5.5,2124,"$4,902,192",$0,2025-05-20,Pending,Emily Clark,emily.clark1@dreamhomes.com,212-555-0001,Manhattan Flagship Office,William Lee,william.lee60@gmail.com,917-555-0060,Seller,Sell
100,863 Grand St,New York,NY,10012,SoHo,Condo,3,2.8,974,"$2,327,860",$0,2025-01-08,Active,Emily Jones,emily.jones26@dreamhomes.com,212-555-0026,Manhattan Flagship Office,Christopher Jones,christopher.jones284@gmail.com,917-555-0284,Buyer,Lease
101,76 Washington St,Hoboken,NJ,07030,Hoboken Waterfront,Multi-Family,6,4.5,3294,"$3,900,096",$0,2025-07-19,Active,Lisa Lopez,lisa.lopez29@dreamhomes.com,212-555-0029,Hoboken Uptown Office,Richard Lee,richard.lee319@gmail.com,917-555-0319,Renter,Buy
102,397 Washington St,Jersey City,NJ,07302,Downtown Jersey City,Condo,5,4.8,2181,"$2,577,942",$0,2025-03-15,Pending,Michael Lewis,michael.lewis3@dreamhomes.com,212-555-0003,Jersey City Financial Center,Daniel Clark,daniel.clark135@gmail.com,917-555-0135,Renter,Buy
103,694 Grand St,New York,NY,11201,DUMBO,Single Family,4,3.5,3840,"$6,723,840","$6,727,668",2025-02-04,Closed,Linda Martinez,linda.martinez12@dreamhomes.com,212-555-0012,Brooklyn Waterfront Office,Amanda Jackson,amanda.jackson36@gmail.com,917-555-0036,Renter,Sell
104,573 Ocean Ave,New York,ny,11201,Williamsburg,Multi-Family,6,4.5,3370,"$4,974,120",$0,2025-02-12,Active,Linda Martinez,linda.martinez12@dreamhomes.com,212-555-0012,Brooklyn Waterfront Office,Jessica Garcia,jessica.garcia334@gmail.com,917-555-0334,Seller,Sell
105,507 Ocean Ave,New York,NY,11201,DUMBO,Single Family,5,4.8,2156,"$3,542,308",$0,2025-03-18,Pending,Betty Rodriguez,betty.rodriguez17@dreamhomes.com,212-555-0017,Brooklyn Waterfront Office,Michael Perez,michael.perez92@gmail.com,917-555-0092,Investor,Sell
106,344 Broadway,Jersey City,NJ,07302,Downtown Jersey City,Townhouse,6,5.5,3902,"$4,342,926","$4,422,543",2025-01-25,Closed,Donna Harris,donna.harris8@dreamhomes.com,212-555-0008,Jersey City Financial Center,Donna Lewis,donna.lewis214@gmail.com,917-555-0214,Investor,Lease
107,760 5th Ave,Greenwich,CT,06830,Stamford Downtown,Townhouse,3,2.8,3744,"$3,294,720","$3,283,444",2025-06-05,Closed,Brian Martin,brian.martin5@dreamhomes.com,212-555-0005,Greenwich Gold Coast Office,Susan Lopez,susan.lopez257@gmail.com,917-555-0257,Seller,Sell
108,801 5th Ave,New York,NY,11201,Williamsburg,Multi-Family,3,2.8,3868,"$5,871,624","$5,732,109",2025-05-17,Closed,Linda Martinez,linda.martinez12@dreamhomes.com,212-555-0012,Brooklyn Waterfront Office,Mary Moore,mary.moore140@gmail.com,917-555-0140,Seller,Buy
109,430 Park Ave,Jersey City,NJ,07302,Paulus Hook,Co-op,3,2.2,3441,"$3,571,758","$3,455,023",2025-05-07,Closed,Michael Lewis,michael.lewis3@dreamhomes.com,212-555-0003,Jersey City Financial Center,Betty Gonzalez,betty.gonzalez186@gmail.com,917-555-0186,Buyer,Sell
110,224 Grand St,Jersey City,NJ,07302,Paulus Hook,Co-op,4,4.0,2380,"$2,653,700","$2,660,689",2025-06-15,Closed,Nancy Williams,nancy.williams23@dreamhomes.com,212-555-0023,Jersey City Financial Center,Karen Miller,karen.miller158@gmail.com,917-555-0158,Seller,Lease
111,209 Ocean Ave,Jersey City,NJ,07302,Paulus Hook,Multi-Family,1,1.2,1708,"$1,924,916","$1,870,835",2025-04-26,Closed,Michael Lewis,michael.lewis3@dreamhomes.com,212-555-0003,Jersey City Financial Center,Thomas Ramirez,thomas.ramirez228@gmail.com,917-555-0228,Renter,Buy
112,542 5th Ave,Hoboken,nj,07030,Hoboken Waterfront,Multi-Family,1,1.8,845,"$995,410",$0,2025-06-28,Active,Lisa Lopez,lisa.lopez29@dreamhomes.com,212-555-0029,Hoboken Uptown Office,Mary Moore,mary.moore140@gmail.com,917-555-0140,Seller,Sell
113,331 5th Ave,New York,NY,11201,DUMBO,Co-op,6,5.5,1835,"$2,919,485",$0,2025-04-20,Pending,Kevin Martinez,kevin.martinez27@dreamhomes.com,212-555-0027,Brooklyn Waterfront Office,Susan Thompson,susan.thompson315@gmail.com,917-555-0315,Buyer,Lease
114,533 Washington St,Jersey City,NJ,07302,Downtown Jersey City,Single Family,2,2.5,3609,"$3,941,028",$0,2025-07-06,Pending,Donna Harris,donna.harris8@dreamhomes.com,212-555-0008,Jersey City Financial Center,Michelle Perez,michelle.perez207@gmail.com,917-555-0207,Seller,Sell
115,407 5th Ave,Hoboken,NJ,07030,Hoboken Waterfront,Single Family,4,3.5,2976,"$3,356,928",$0,2025-02-07,Pending,Carol Moore,carol.moore24@dreamhomes.com,212-555-0024,Hoboken Uptown Office,Elizabeth White,elizabeth.white144@gmail.com,917-555-0144,Renter,Lease
116,695 Broadway,Greenwich,CT,06830,Greenwich Harbor,Co-op,2,1.5,1559,"$2,460,102",$0,2025-05-21,Active,Jessica Smith,jessica.smith10@dreamhomes.com,212-555-0010,Greenwich Gold Coast Office,Betty Hernandez,betty.hernandez173@gmail.com,917-555-0173,Seller,Sell
117,75 5th Ave,New York,NY,11201,DUMBO,Co-op,6,5.0,3361,"$5,710,339",$0,2025-06-23,Active,Kevin Martinez,kevin.martinez27@dreamhomes.com,212-555-0027,Brooklyn Waterfront Office,Thomas Ramirez,thomas.ramirez228@gmail.com,917-555-0228,Renter,Lease
118,511 Park Ave,Jersey City,NJ,07302,Paulus Hook,Multi-Family,3,3.2,3154,"$3,469,400",$0,2025-07-17,Pending,Michael Anderson,michael.anderson13@dreamhomes.com,212-555-0013,Jersey City Financial Center,Carol Brown,carol.brown342@gmail.com,917-555-0342,Seller,Sell
119,551 Grand St,Greenwich,CT,06830,Stamford Downtown,Single Family,4,3.5,2484,"$2,133,756","$2,090,584",2025-07-15,Closed,Donna Perez,donna.perez15@dreamhomes.com,212-555-0015,Greenwich Gold Coast Office,Richard White,richard.white150@gmail.com,917-555-0150,Buyer,Lease
120,277 Broadway,Greenwich,ct,06830,Stamford Downtown,Townhouse,1,1.8,3037,"$2,839,595","$2,774,600",2025-01-18,Closed,Emily Wilson,emily.wilson30@dreamhomes.com,212-555-0030,Greenwich Gold Coast Office,Jennifer Moore,jennifer.moore201@gmail.com,917-555-0201,Seller,Sell
121,295 Washington St,Hoboken,NJ,07030,Hoboken Waterfront,Condo,4,3.5,1866,"$2,300,778",$0,2025-02-21,Pending,Lisa Lopez,lisa.lopez29@dreamhomes.com,212-555-0029,Hoboken Uptown Office,Anthony Johnson,anthony.johnson209@gmail.com,917-555-0209,Seller,Lease
122,795 Broadway,New York,NY,11201,DUMBO,Co-op,1,0.8,3121,"$4,999,842","$5,083,233",2025-06-07,Closed,Kevin Martinez,kevin.martinez27@dreamhomes.com,212-555-0027,Brooklyn Waterfront Office,Richard White,richard.white28@gmail.com,917-555-0028,Renter,Sell
123,720 Broadway,Greenwich,CT,06830,Stamford Downtown,Condo,3,3.2,973,"$847,483",$0,2025-04-30,Active,Donna Perez,donna.perez15@dreamhomes.com,212-555-0015,Greenwich Gold Coast Office,Susan Martinez,susan.martinez260@gmail.com,917-555-0260,Renter,Buy
124,763 Park Ave,New York,NY,11201,Williamsburg,Multi-Family,1,0.8,1255,"$1,779,590","$1,772,608",2025-06-06,Closed,Linda Martinez,linda.martinez12@dreamhomes.com,212-555-0012,Brooklyn Waterfront Office,Mary Wilson,mary.wilson110@gmail.com,917-555-0110,Seller,Lease
125,337 Washington St,New York,NY,11201,DUMBO,Townhouse,1,1.2,1949,"$3,235,340",$0,2025-07-07,Active,Kevin Moore,kevin.moore7@dreamhomes.com,212-555-0007,Brooklyn Waterfront Office,Amanda Martinez,amanda.martinez141@gmail.com,917-555-0141,Buyer,Sell
126,87 Broadway,Hoboken,NJ,07030,Hoboken Waterfront,Multi-Family,2,2.0,3400,"$4,185,400","$4,111,456",2025-05-04,Closed,Joseph Lewis,joseph.lewis4@dreamhomes.com,212-555-0004,Hoboken Uptown Office,Lisa Williams,lisa.williams157@gmail.com,917-555-0157,Investor,Buy
127,500 Washington St,Greenwich,CT,06830,Greenwich Harbor,Co-op,2,1.5,1477,"$2,426,711","$2,331,759",2025-07-16,Closed,Donna Perez,donna.perez15@dreamhomes.com,212-555-0015,Greenwich Gold Coast Office,Kevin Anderson,kevin.anderson282@gmail.com,917-555-0282,Renter,Buy
128,187 Park Ave,Jersey City,nj,07302,Downtown Jersey City,Townhouse,3,2.8,4052,"$4,064,156","$4,128,907",2025-05-27,Closed,Donna Harris,donna.harris8@dreamhomes.com,212-555-0008,Jersey City Financial Center,Brian Thomas,brian.thomas213@gmail.com,917-555-0213,Investor,Buy
129,113 Ocean Ave,New York,NY,10012,Tribeca,Co-op,1,1.2,4198,"$9,793,934","$9,755,890",2025-05-12,Closed,Carol Wilson,carol.wilson6@dreamhomes.com,212-555-0006,Manhattan Flagship Office,Carol Johnson,carol.johnson106@gmail.com,917-555-0106,Buyer,Lease
130,183 Ocean Ave,Greenwich,CT,06830,Stamford Downtown,Townhouse,3,2.8,1100,"$1,045,000",$0,2025-05-18,Active,Jessica Smith,jessica.smith10@dreamhomes.com,212-555-0010,Greenwich Gold Coast Office,Nancy Smith,nancy.smith196@gmail.com,917-555-0196,Buyer,Buy
131,156 5th Ave,New York,NY,10012,SoHo,Co-op,3,3.2,1413,"$3,292,290",$0,2025-07-01,Active,Christopher Miller,christopher.miller16@dreamhomes.com,212-555-0016,Manhattan Flagship Office,Michelle Smith,michelle.smith153@gmail.com,917-555-0153,Seller,Lease
132,250 Broadway,New York,NY,11201,DUMBO,Condo,6,5.5,4029,"$7,099,098","$6,967,667",2025-06-09,Closed,Linda Martinez,linda.martinez12@dreamhomes.com,212-555-0012,Brooklyn Waterfront Office,Richard Sanchez,richard.sanchez174@gmail.com,917-555-0174,Renter,Lease
133,768 Park Ave,Hoboken,NJ,07030,Hoboken Waterfront,Co-op,4,3.0,998,"$1,279,436","$1,270,646",2025-07-18,Closed,Lisa Lopez,lisa.lopez29@dreamhomes.com,212-555-0029,Hoboken Uptown Office,Joseph Anderson,joseph.anderson204@gmail.com,917-555-0204,Seller,Buy
134,79 Broadway,Greenwich,CT,06830,Stamford Downtown,Condo,3,2.8,1182,"$1,076,802","$1,027,355",2025-06-10,Closed,Jessica Smith,jessica.smith10@dreamhomes.com,212-555-0010,Greenwich Gold Coast Office,Thomas Thompson,thomas.thompson19@gmail.com,917-555-0019,Renter,Buy
135,545 Grand St,New York,NY,11201,Williamsburg,Single Family,3,2.8,2641,"$4,003,756","$3,857,875",2025-03-10,Closed,Kevin Martinez,kevin.martinez27@dreamhomes.com,212-555-0027,Brooklyn Waterfront Office,Sarah Martinez,sarah.martinez268@gmail.com,917-555-0268,Investor,Lease
136,235 Grand St,New York,ny,11201,DUMBO,Co-op,4,4.0,2204,"$3,625,580","$3,453,965",2025-05-31,Closed,Kenneth Taylor,kenneth.taylor2@dreamhomes.com,212-555-0002,Brooklyn Waterfront Office,Sarah Martinez,sarah.martinez268@gmail.com,917-555-0268,Investor,Sell
137,941 Park Ave,New York,NY,11201,Williamsburg,Co-op,1,1.2,4118,"$6,057,578",$0,2025-01-01,Active,Betty Rodriguez,betty.rodriguez17@dreamhomes.com,212-555-0017,Brooklyn Waterfront Office,Richard Lopez,richard.lopez218@gmail.com,917-555-0218,Investor,Sell
138,285 Broadway,Greenwich,CT,06830,Greenwich Harbor,Townhouse,3,2.8,1755,"$2,692,170","$2,737,437",2025-03-09,Closed,Brian Martin,brian.martin5@dreamhomes.com,212-555-0005,Greenwich Gold Coast Office,Karen Johnson,karen.johnson146@gmail.com,917-555-0146,Seller,Buy
139,763 Park Ave,New York,NY,11201,Williamsburg,Condo,5,4.8,2108,"$3,174,648",$0,2025-06-08,Active,Robert White,robert.white22@dreamhomes.com,212-555-0022,Brooklyn Waterfront Office,Carol Lee,carol.lee326@gmail.com,917-555-0326,Seller,Sell
140,657 Grand St,Jersey City,NJ,07302,Downtown Jersey City,Multi-Family,5,3.8,2700,"$2,729,700",$0,2025-02-19,Active,Mary Ramirez,mary.ramirez28@dreamhomes.com,212-555-0028,Jersey City Financial Center,Anthony Johnson,anthony.johnson209@gmail.com,917-555-0209,Seller,Sell
141,333 5th Ave,Jersey City,NJ,07302,Paulus Hook,Co-op,1,1.8,1808,"$1,923,712","$1,960,016",2025-04-16,Closed,Nancy Williams,nancy.williams23@dreamhomes.com,212-555-0023,Jersey City Financial Center,Jennifer Lewis,jennifer.lewis262@gmail.com,917-555-0262,Seller,Sell
142,803 Ocean Ave,New York,NY,11201,Williamsburg,Condo,3,3.2,3894,"$5,253,006",$0,2025-06-15,Pending,Betty Rodriguez,betty.rodriguez17@dreamhomes.com,212-555-0017,Brooklyn Waterfront Office,Christopher Jones,christopher.jones284@gmail.com,917-555-0284,Buyer,Sell
143,494 Broadway,Jersey City,NJ,07302,Paulus Hook,Townhouse,1,0.8,2199,"$2,223,189","$2,211,183",2025-07-01,Closed,Mary Ramirez,mary.ramirez28@dreamhomes.com,212-555-0028,Jersey City Financial Center,Betty Hernandez,betty.hernandez95@gmail.com,917-555-0095,Seller,Buy
144,403 Grand St,Jersey City,nj,07302,Downtown Jersey City,Townhouse,1,1.8,3823,"$4,281,760","$4,239,187",2025-05-26,Closed,Nancy Williams,nancy.williams23@dreamhomes.com,212-555-0023,Jersey City Financial Center,Sandra Clark,sandra.clark25@gmail.com,917-555-0025,Renter,Lease
145,574 Washington St,Greenwich,CT,06830,Stamford Downtown,Co-op,2,2.0,1921,"$1,577,141","$1,560,559",2025-02-27,Closed,Donna Perez,donna.perez15@dreamhomes.com,212-555-0015,Greenwich Gold Coast Office,William Smith,william.smith216@gmail.com,917-555-0216,Renter,Lease
146,706 Grand St,Hoboken,NJ,07030,Hoboken Waterfront,Condo,1,1.2,3641,"$4,649,557","$4,475,321",2025-01-23,Closed,Amanda Anderson,amanda.anderson9@dreamhomes.com,212-555-0009,Hoboken Uptown Office,Betty Gonzalez,betty.gonzalez142@gmail.com,917-555-0142,Seller,Lease
147,467 Ocean Ave,New York,NY,10012,Tribeca,Condo,3,2.2,1110,"$2,641,800",$0,2025-03-28,Pending,Carol Wilson,carol.wilson6@dreamhomes.com,212-555-0006,Manhattan Flagship Office,Anthony Jones,anthony.jones248@gmail.com,917-555-0248,Investor,Buy
148,365 Park Ave,New York,NY,10012,Tribeca,Co-op,4,3.0,2289,"$5,543,958","$5,582,246",2025-05-15,Closed,Emily Jones,emily.jones26@dreamhomes.com,212-555-0026,Manhattan Flagship Office,Carol Martin,carol.martin261@gmail.com,917-555-0261,Renter,Lease
149,627 Washington St,Greenwich,CT,06830,Greenwich Harbor,Multi-Family,2,1.5,3207,"$5,137,614",$0,2025-04-25,Active,Charles Martinez,charles.martinez25@dreamhomes.com,212-555-0025,Greenwich Gold Coast Office,Anthony Lee,anthony.lee244@gmail.com,917-555-0244,Renter,Sell
150,321 Broadway,Jersey City,NJ,07302,Downtown Jersey City,Townhouse,3,2.8,917,"$1,007,783","$989,221",2025-04-07,Closed,Donna Harris,donna.harris8@dreamhomes.com,212-555-0008,Jersey City Financial Center,Anthony Jones,anthony.jones248@gmail.com,917-555-0248,Investor,Buy
151,763 5th Ave,Greenwich,CT,06830,Stamford Downtown,Multi-Family,4,4.0,1785,"$1,565,445","$1,559,915",2025-07-17,Closed,Emily Wilson,emily.wilson30@dreamhomes.com,212-555-0030,Greenwich Gold Coast Office,Michelle Lewis,michelle.lewis61@gmail.com,917-555-0061,Seller,Buy
152,397 Washington St,Jersey City,nj,07302,Paulus Hook,Condo,2,2.0,1313,"$1,310,374","$1,348,048",2025-05-28,Closed,Nancy Williams,nancy.williams23@dreamhomes.com,212-555-0023,Jersey City Financial Center,Thomas Johnson,thomas.johnson215@gmail.com,917-555-0215,Renter,Lease
153,298 5th Ave,New York,NY,10012,Tribeca,Multi-Family,2,2.0,2168,"$5,088,296",$0,2025-03-13,Active,Carol Wilson,carol.wilson6@dreamhomes.com,212-555-0006,Manhattan Flagship Office,Elizabeth Jackson,elizabeth.jackson52@gmail.com,917-555-0052,Seller,Buy
154,408 Ocean Ave,New York,NY,10012,Upper East Side,Co-op,2,2.5,1569,"$2,929,323","$2,939,226",2025-03-01,Closed,Christopher Miller,christopher.miller16@dreamhomes.com,212-555-0016,Manhattan Flagship Office,Lisa Rodriguez,lisa.rodriguez217@gmail.com,917-555-0217,Renter,Lease
155,110 5th Ave,New York,NY,11201,DUMBO,Condo,3,2.8,2415,"$3,873,660","$3,708,503",2025-05-10,Closed,Kevin Martinez,kevin.martinez27@dreamhomes.com,212-555-0027,Brooklyn Waterfront Office,Barbara Moore,barbara.moore121@gmail.com,917-555-0121,Buyer,Sell
156,124 Broadway,Jersey City,NJ,07302,Downtown Jersey City,Condo,3,2.8,830,"$971,100",$0,2025-06-13,Active,Daniel Robinson,daniel.robinson18@dreamhomes.com,212-555-0018,Jersey City Financial Center,Brian Martin,brian.martin159@gmail.com,917-555-0159,Seller,Lease
157,721 Ocean Ave,New York,NY,11201,DUMBO,Condo,4,4.0,2864,"$4,877,392","$4,829,408",2025-07-13,Closed,Kevin Moore,kevin.moore7@dreamhomes.com,212-555-0007,Brooklyn Waterfront Office,Charles Moore,charles.moore148@gmail.com,917-555-0148,Investor,Buy
158,172 Broadway,New York,NY,11201,DUMBO,Townhouse,2,2.0,3897,"$6,632,694","$6,725,238",2025-07-15,Closed,Kevin Moore,kevin.moore7@dreamhomes.com,212-555-0007,Brooklyn Waterfront Office,Richard Clark,richard.clark255@gmail.com,917-555-0255,Seller,Lease
159,63 Washington St,New York,NY,11201,Williamsburg,Townhouse,3,2.2,2601,"$3,638,799",$0,2025-02-02,Active,Linda Martinez,linda.martinez12@dreamhomes.com,212-555-0012,Brooklyn Waterfront Office,Brian Thomas,brian.thomas213@gmail.com,917-555-0213,Investor,Sell
160,411 5th Ave,Greenwich,ct,06830,Greenwich Harbor,Co-op,4,3.5,1560,"$2,438,280","$2,356,985",2025-04-25,Closed,Brian Martin,brian.martin5@dreamhomes.com,212-555-0005,Greenwich Gold Coast Office,Emily Williams,emily.williams337@gmail.com,917-555-0337,Buyer,Buy
161,569 Park Ave,Greenwich,CT,06830,Stamford Downtown,Condo,4,4.0,3489,"$3,045,897",$0,2025-01-19,Active,Matthew White,matthew.white20@dreamhomes.com,212-555-0020,Greenwich Gold Coast Office,Karen Miller,karen.miller220@gmail.com,917-555-0220,Buyer,Buy
162,717 5th Ave,New York,NY,10012,SoHo,Multi-Family,5,4.8,1942,"$4,526,802","$4,516,694",2025-07-10,Closed,Emily Jones,emily.jones26@dreamhomes.com,212-555-0026,Manhattan Flagship Office,Barbara Thompson,barbara.thompson242@gmail.com,917-555-0242,Buyer,Lease
163,995 Park Ave,Greenwich,CT,06830,Stamford Downtown,Co-op,2,2.0,2266,"$2,125,508","$2,021,015",2025-03-06,Closed,Jessica Smith,jessica.smith10@dreamhomes.com,212-555-0010,Greenwich Gold Coast Office,Michael Robinson,michael.robinson229@gmail.com,917-555-0229,Seller,Sell
164,621 5th Ave,Greenwich,CT,06830,Greenwich Harbor,Townhouse,5,3.8,2484,"$3,984,336","$3,899,397",2025-01-10,Closed,Jessica Smith,jessica.smith10@dreamhomes.com,212-555-0010,Greenwich Gold Coast Office,Kenneth Perez,kenneth.perez156@gmail.com,917-555-0156,Buyer,Sell
165,557 5th Ave,Hoboken,NJ,07030,Hoboken Waterfront,Single Family,1,0.8,2233,"$2,550,086","$2,509,027",2025-05-03,Closed,Lisa Lopez,lisa.lopez29@dreamhomes.com,212-555-0029,Hoboken Uptown Office,Kenneth Taylor,kenneth.taylor224@gmail.com,917-555-0224,Investor,Sell
166,752 Grand St,New York,NY,10012,SoHo,Single Family,1,1.8,3234,"$7,551,390","$7,202,519",2025-04-26,Closed,Melissa Williams,melissa.williams11@dreamhomes.com,212-555-0011,Manhattan Flagship Office,Carol White,carol.white210@gmail.com,917-555-0210,Seller,Sell
167,988 Ocean Ave,New York,NY,10012,Tribeca,Condo,3,3.2,3537,"$8,580,762","$8,724,169",2025-01-28,Closed,Christopher Miller,christopher.miller16@dreamhomes.com,212-555-0016,Manhattan Flagship Office,Joseph Anderson,joseph.anderson204@gmail.com,917-555-0204,Seller,Sell
168,921 Park Ave,Greenwich,ct,06830,Stamford Downtown,Co-op,3,3.2,1547,"$1,205,113","$1,220,348",2025-01-07,Closed,Brian Martin,brian.martin5@dreamhomes.com,212-555-0005,Greenwich Gold Coast Office,Kenneth Miller,kenneth.miller232@gmail.com,917-555-0232,Investor,Lease
169,721 Broadway,Hoboken,NJ,07030,Hoboken Waterfront,Single Family,3,3.2,1879,"$2,341,234","$2,248,788",2025-06-19,Closed,Carol Moore,carol.moore24@dreamhomes.com,212-555-0024,Hoboken Uptown Office,Sarah Miller,sarah.miller322@gmail.com,917-555-0322,Buyer,Buy
170,458 5th Ave,Greenwich,CT,06830,Greenwich Harbor,Co-op,6,5.0,903,"$1,453,830","$1,408,127",2025-03-25,Closed,Brian Martin,brian.martin5@dreamhomes.com,212-555-0005,Greenwich Gold Coast Office,Matthew Smith,matthew.smith44@gmail.com,917-555-0044,Buyer,Lease
171,207 Park Ave,New York,NY,11201,DUMBO,Single Family,2,2.0,1650,"$2,839,650","$2,798,301",2025-01-22,Closed,Kevin Martinez,kevin.martinez27@dreamhomes.com,212-555-0027,Brooklyn Waterfront Office,Michael Smith,michael.smith208@gmail.com,917-555-0208,Investor,Lease
172,277 Park Ave,Greenwich,CT,06830,Stamford Downtown,Townhouse,5,3.8,3877,"$3,605,610",$0,2025-02-15,Pending,Matthew White,matthew.white20@dreamhomes.com,212-555-0020,Greenwich Gold Coast Office,Jennifer Wilson,jennifer.wilson40@gmail.com,917-555-0040,Seller,Sell
173,54 Grand St,Hoboken,NJ,07030,Hoboken Waterfront,Co-op,3,2.2,1965,"$2,401,230","$2,351,538",2025-01-10,Closed,Joseph Lewis,joseph.lewis4@dreamhomes.com,212-555-0004,Hoboken Uptown Office,Brian Anderson,brian.anderson17@gmail.com,917-555-0017,Renter,Buy
174,526 Washington St,Jersey City,NJ,07302,Paulus Hook,Townhouse,3,2.8,2058,"$2,220,582","$2,205,947",2025-01-10,Closed,Mary Ramirez,mary.ramirez28@dreamhomes.com,212-555-0028,Jersey City Financial Center,Andrew Jackson,andrew.jackson38@gmail.com,917-555-0038,Seller,Sell
175,93 Grand St,New York,NY,11201,DUMBO,Co-op,2,1.5,3305,"$5,833,325","$5,742,533",2025-03-10,Closed,Kenneth Taylor,kenneth.taylor2@dreamhomes.com,212-555-0002,Brooklyn Waterfront Office,Jessica Davis,jessica.davis256@gmail.com,917-555-0256,Renter,Buy
176,283 Broadway,Hoboken,nj,07030,Hoboken Waterfront,Townhouse,4,3.0,2985,"$3,823,785","$3,830,383",2025-02-14,Closed,Lisa Lopez,lisa.lopez29@dreamhomes.com,212-555-0029,Hoboken Uptown Office,Thomas Thompson,thomas.thompson19@gmail.com,917-555-0019,Renter,Lease
177,203 5th Ave,Jersey City,NJ,07302,Downtown Jersey City,Co-op,1,1.2,1270,"$1,441,450","$1,399,678",2025-07-15,Closed,Mary Ramirez,mary.ramirez28@dreamhomes.com,212-555-0028,Jersey City Financial Center,William Brown,william.brown160@gmail.com,917-555-0160,Investor,Sell
178,925 5th Ave,Jersey City,NJ,07302,Downtown Jersey City,Condo,1,0.8,1138,"$1,190,348",$0,2025-01-13,Pending,Michael Anderson,michael.anderson13@dreamhomes.com,212-555-0013,Jersey City Financial Center,Andrew Ramirez,andrew.ramirez195@gmail.com,917-555-0195,Renter,Buy
179,144 Broadway,Hoboken,NJ,07030,Hoboken Waterfront,Condo,6,5.0,2173,"$2,703,212","$2,747,632",2025-06-30,Closed,Joseph Lewis,joseph.lewis4@dreamhomes.com,212-555-0004,Hoboken Uptown Office,Carol Harris,carol.harris78@gmail.com,917-555-0078,Seller,Lease
180,141 5th Ave,New York,NY,11201,DUMBO,Townhouse,6,5.5,4018,"$6,396,656","$6,286,225",2025-04-25,Closed,Kevin Martinez,kevin.martinez27@dreamhomes.com,212-555-0027,Brooklyn Waterfront Office,Donna Lewis,donna.lewis214@gmail.com,917-555-0214,Investor,Sell
181,928 Grand St,New York,NY,11201,DUMBO,Single Family,5,3.8,1629,"$2,850,750","$2,730,976",2025-03-11,Closed,Linda Martinez,linda.martinez12@dreamhomes.com,212-555-0012,Brooklyn Waterfront Office,Joseph Lee,joseph.lee197@gmail.com,917-555-0197,Buyer,Lease
182,819 Ocean Ave,New York,NY,11201,DUMBO,Co-op,3,3.2,2875,"$5,094,500","$5,102,617",2025-05-02,Closed,Kenneth Taylor,kenneth.taylor2@dreamhomes.com,212-555-0002,Brooklyn Waterfront Office,Donna Anderson,donna.anderson51@gmail.com,917-555-0051,Seller,Buy
183,774 Park Ave,New York,NY,11201,DUMBO,Co-op,5,3.8,2999,"$4,990,336","$5,126,209",2025-02-13,Closed,Kevin Martinez,kevin.martinez27@dreamhomes.com,212-555-0027,Brooklyn Waterfront Office,Jessica Gonzalez,jessica.gonzalez292@gmail.com,917-555-0292,Seller,Buy
184,116 Washington St,New York,ny,10012,Tribeca,Single Family,2,1.5,1938,"$4,538,796","$4,395,129",2025-05-01,Closed,Carol Wilson,carol.wilson6@dreamhomes.com,212-555-0006,Manhattan Flagship Office,Barbara Thompson,barbara.thompson242@gmail.com,917-555-0242,Buyer,Sell
185,945 5th Ave,New York,NY,10012,Upper East Side,Co-op,6,5.0,2644,"$5,126,716",$0,2025-07-13,Active,Emily Jones,emily.jones26@dreamhomes.com,212-555-0026,Manhattan Flagship Office,Jessica Martin,jessica.martin295@gmail.com,917-555-0295,Seller,Lease
186,807 Washington St,Hoboken,NJ,07030,Hoboken Waterfront,Co-op,1,1.8,2191,"$2,611,672","$2,505,773",2025-06-17,Closed,Joseph Lewis,joseph.lewis4@dreamhomes.com,212-555-0004,Hoboken Uptown Office,Sandra Martin,sandra.martin53@gmail.com,917-555-0053,Investor,Sell
187,118 5th Ave,Hoboken,NJ,07030,Hoboken Waterfront,Co-op,5,4.8,2139,"$2,496,213","$2,512,371",2025-04-15,Closed,James Clark,james.clark14@dreamhomes.com,212-555-0014,Hoboken Uptown Office,Elizabeth Jones,elizabeth.jones237@gmail.com,917-555-0237,Buyer,Sell
188,300 Broadway,Jersey City,NJ,07302,Downtown Jersey City,Condo,2,2.5,1212,"$1,454,400",$0,2025-04-11,Active,Mary Ramirez,mary.ramirez28@dreamhomes.com,212-555-0028,Jersey City Financial Center,Kevin Anderson,kevin.anderson282@gmail.com,917-555-0282,Renter,Buy
189,234 Ocean Ave,New York,NY,11201,Williamsburg,Condo,5,4.2,2800,"$3,732,400","$3,602,252",2025-01-08,Closed,Linda Martinez,linda.martinez12@dreamhomes.com,212-555-0012,Brooklyn Waterfront Office,Daniel Lewis,daniel.lewis317@gmail.com,917-555-0317,Renter,Lease
190,510 Washington St,Greenwich,CT,06830,Stamford Downtown,Co-op,6,5.5,2063,"$1,875,267","$1,876,373",2025-01-27,Closed,Emily Wilson,emily.wilson30@dreamhomes.com,212-555-0030,Greenwich Gold Coast Office,Sandra Ramirez,sandra.ramirez303@gmail.com,917-555-0303,Buyer,Sell
191,748 Ocean Ave,Jersey City,NJ,07302,Paulus Hook,Townhouse,5,4.2,3208,"$3,522,384","$3,355,835",2025-03-16,Closed,Michael Lewis,michael.lewis3@dreamhomes.com,212-555-0003,Jersey City Financial Center,James Johnson,james.johnson16@gmail.com,917-555-0016,Seller,Buy
192,867 Park Ave,Hoboken,nj,07030,Hoboken Waterfront,Multi-Family,1,1.2,3567,"$4,134,153","$4,174,727",2025-01-17,Closed,Daniel Sanchez,daniel.sanchez19@dreamhomes.com,212-555-0019,Hoboken Uptown Office,Karen Thomas,karen.thomas290@gmail.com,917-555-0290,Seller,Sell
193,946 Grand St,New York,NY,10012,Tribeca,Single Family,2,1.5,971,"$2,274,082","$2,233,101",2025-03-12,Closed,Emily Jones,emily.jones26@dreamhomes.com,212-555-0026,Manhattan Flagship Office,Carol Jones,carol.jones80@gmail.com,917-555-0080,Buyer,Sell
194,246 Grand St,Greenwich,CT,06830,Greenwich Harbor,Townhouse,4,3.5,1207,"$1,862,401","$1,855,706",2025-04-27,Closed,Jessica Smith,jessica.smith10@dreamhomes.com,212-555-0010,Greenwich Gold Coast Office,Carol Gonzalez,carol.gonzalez12@gmail.com,917-555-0012,Investor,Buy
195,886 5th Ave,Jersey City,NJ,07302,Paulus Hook,Townhouse,2,2.5,3913,"$4,425,603","$4,243,946",2025-01-25,Closed,Michael Anderson,michael.anderson13@dreamhomes.com,212-555-0013,Jersey City Financial Center,Andrew Thompson,andrew.thompson11@gmail.com,917-555-0011,Investor,Lease
196,362 Ocean Ave,New York,NY,10012,SoHo,Condo,4,3.0,3898,"$9,745,000",$0,2025-07-03,Active,Melissa Williams,melissa.williams11@dreamhomes.com,212-555-0011,Manhattan Flagship Office,James Wilson,james.wilson331@gmail.com,917-555-0331,Renter,Sell
197,144 Broadway,New York,NY,11201,Williamsburg,Multi-Family,1,0.8,1194,"$1,713,390","$1,693,396",2025-07-12,Closed,Kevin Moore,kevin.moore7@dreamhomes.com,212-555-0007,Brooklyn Waterfront Office,Joshua Thompson,joshua.thompson240@gmail.com,917-555-0240,Investor,Sell
198,100 Grand St,Hoboken,NJ,07030,Hoboken Waterfront,Multi-Family,5,4.2,3109,"$4,023,046","$3,942,290",2025-05-26,Closed,Carol Moore,carol.moore24@dreamhomes.com,212-555-0024,Hoboken Uptown Office,Joseph Perez,joseph.perez126@gmail.com,917-555-0126,Seller,Lease
199,284 Washington St,Jersey City,NJ,07302,Downtown Jersey City,Multi-Family,1,0.8,3626,"$4,224,290",$0,2025-04-20,Active,Michael Lewis,michael.lewis3@dreamhomes.com,212-555-0003,Jersey City Financial Center,Joshua White,joshua.white138@gmail.com,917-555-0138,Investor,Lease
200,228 Grand St,New York,ny,10012,Upper East Side,Condo,5,4.2,3265,"$5,988,010","$5,877,382",2025-04-08,Closed,Kenneth Lee,kenneth.lee21@dreamhomes.com,212-555-0021,Manhattan Flagship Office,Joshua Harris,joshua.harris202@gmail.com,917-555-0202,Buyer,Sell
201,728 5th Ave,New York,NY,11201,Williamsburg,Multi-Family,6,5.0,3381,"$4,770,591",$0,2025-04-17,Pending,Kevin Martinez,kevin.martinez27@dreamhomes.com,212-555-0027,Brooklyn Waterfront Office,Christopher Garcia,christopher.garcia341@gmail.com,917-555-0341,Renter,Lease
202,847 5th Ave,Hoboken,NJ,07030,Hoboken Waterfront,Condo,4,4.0,1924,"$2,324,192","$2,379,501",2025-01-29,Closed,Daniel Sanchez,daniel.sanchez19@dreamhomes.com,212-555-0019,Hoboken Uptown Office,Sandra Moore,sandra.moore21@gmail.com,917-555-0021,Buyer,Buy
203,48 Grand St,Greenwich,CT,06830,Stamford Downtown,Townhouse,3,2.8,3594,"$2,735,034","$2,605,330",2025-07-13,Closed,Brian Martin,brian.martin5@dreamhomes.com,212-555-0005,Greenwich Gold Coast Office,Kevin Anderson,kevin.anderson282@gmail.com,917-555-0282,Renter,Sell
204,489 5th Ave,Greenwich,CT,06830,Stamford Downtown,Single Family,5,3.8,2150,"$1,694,200","$1,740,414",2025-03-29,Closed,Jessica Smith,jessica.smith10@dreamhomes.com,212-555-0010,Greenwich Gold Coast Office,Charles Hernandez,charles.hernandez22@gmail.com,917-555-0022,Renter,Buy
205,601 5th Ave,New York,NY,11201,Williamsburg,Single Family,1,1.2,1303,"$1,818,988",$0,2025-05-12,Active,Kevin Moore,kevin.moore7@dreamhomes.com,212-555-0007,Brooklyn Waterfront Office,Sandra Martin,sandra.martin53@gmail.com,917-555-0053,Investor,Buy
206,673 Washington St,Hoboken,NJ,07030,Hoboken Waterfront,Condo,2,2.5,1915,"$2,462,690","$2,405,558",2025-02-12,Closed,Amanda Anderson,amanda.anderson9@dreamhomes.com,212-555-0009,Hoboken Uptown Office,Kevin Martinez,kevin.martinez79@gmail.com,917-555-0079,Investor,Lease
207,307 5th Ave,New York,NY,11201,Williamsburg,Townhouse,6,5.5,3347,"$4,468,245","$4,380,276",2025-03-02,Closed,Betty Rodriguez,betty.rodriguez17@dreamhomes.com,212-555-0017,Brooklyn Waterfront Office,Charles Moore,charles.moore148@gmail.com,917-555-0148,Investor,Buy
208,63 Broadway,New York,ny,11201,DUMBO,Townhouse,5,4.2,3789,"$6,623,172",$0,2025-02-02,Active,Kevin Martinez,kevin.martinez27@dreamhomes.com,212-555-0027,Brooklyn Waterfront Office,John Lee,john.lee57@gmail.com,917-555-0057,Buyer,Sell
209,774 5th Ave,Hoboken,NJ,07030,Hoboken Waterfront,Condo,4,3.5,2349,"$2,785,914","$2,804,385",2025-04-15,Closed,Joseph Lewis,joseph.lewis4@dreamhomes.com,212-555-0004,Hoboken Uptown Office,Thomas Harris,thomas.harris169@gmail.com,917-555-0169,Seller,Sell
210,416 Broadway,New York,NY,11201,DUMBO,Co-op,6,5.5,2546,"$4,396,942","$4,407,069",2025-04-02,Closed,Kenneth Taylor,kenneth.taylor2@dreamhomes.com,212-555-0002,Brooklyn Waterfront Office,Patricia White,patricia.white100@gmail.com,917-555-0100,Renter,Lease
211,877 Grand St,Jersey City,NJ,07302,Downtown Jersey City,Co-op,4,3.5,2929,"$3,175,036",$0,2025-07-09,Active,Daniel Robinson,daniel.robinson18@dreamhomes.com,212-555-0018,Jersey City Financial Center,Daniel Wilson,daniel.wilson111@gmail.com,917-555-0111,Renter,Buy
212,897 Ocean Ave,New York,NY,11201,Williamsburg,Single Family,3,2.8,972,"$1,474,524","$1,491,923",2025-03-06,Closed,Kevin Martinez,kevin.martinez27@dreamhomes.com,212-555-0027,Brooklyn Waterfront Office,William Martinez,william.martinez301@gmail.com,917-555-0301,Seller,Buy
213,504 Park Ave,New York,NY,11201,DUMBO,Co-op,4,3.0,3790,"$6,666,610","$6,790,612",2025-01-20,Closed,Kenneth Taylor,kenneth.taylor2@dreamhomes.com,212-555-0002,Brooklyn Waterfront Office,Barbara Moore,barbara.moore121@gmail.com,917-555-0121,Buyer,Sell
214,551 Broadway,New York,NY,10012,Upper East Side,Townhouse,1,0.8,1876,"$3,363,668","$3,227,292",2025-05-12,Closed,Melissa Williams,melissa.williams11@dreamhomes.com,212-555-0011,Manhattan Flagship Office,Joshua White,joshua.white138@gmail.com,917-555-0138,Investor,Buy
215,350 Park Ave,New York,NY,10012,Upper East Side,Co-op,6,5.5,3837,"$6,849,045",$0,2025-03-27,Active,Melissa Williams,melissa.williams11@dreamhomes.com,212-555-0011,Manhattan Flagship Office,Linda Perez,linda.perez97@gmail.com,917-555-0097,Investor,Lease
216,81 5th Ave,New York,ny,11201,DUMBO,Co-op,2,2.0,3353,"$5,941,516","$5,669,369",2025-03-29,Closed,Betty Rodriguez,betty.rodriguez17@dreamhomes.com,212-555-0017,Brooklyn Waterfront Office,Elizabeth Jackson,elizabeth.jackson52@gmail.com,917-555-0052,Seller,Lease
217,916 Broadway,Hoboken,NJ,07030,Hoboken Waterfront,Co-op,4,3.5,2230,"$2,533,280","$2,489,960",2025-02-11,Closed,Daniel Sanchez,daniel.sanchez19@dreamhomes.com,212-555-0019,Hoboken Uptown Office,Daniel Robinson,daniel.robinson47@gmail.com,917-555-0047,Buyer,Buy
218,604 Park Ave,Hoboken,NJ,07030,Hoboken Waterfront,Condo,2,2.0,1695,"$2,166,210",$0,2025-06-25,Active,Carol Moore,carol.moore24@dreamhomes.com,212-555-0024,Hoboken Uptown Office,Susan Thompson,susan.thompson315@gmail.com,917-555-0315,Buyer,Lease
219,924 Broadway,New York,NY,11201,Williamsburg,Multi-Family,4,3.5,1848,"$2,803,416","$2,697,300",2025-01-09,Closed,Robert White,robert.white22@dreamhomes.com,212-555-0022,Brooklyn Waterfront Office,Sarah Martinez,sarah.martinez185@gmail.com,917-555-0185,Renter,Buy
220,432 Ocean Ave,Jersey City,NJ,07302,Paulus Hook,Multi-Family,4,3.5,3414,"$3,366,204","$3,368,724",2025-05-23,Closed,Daniel Robinson,daniel.robinson18@dreamhomes.com,212-555-0018,Jersey City Financial Center,Susan Sanchez,susan.sanchez199@gmail.com,917-555-0199,Renter,Sell
221,962 5th Ave,New York,NY,10012,SoHo,Single Family,5,4.8,2356,"$5,911,204","$5,757,441",2025-06-01,Closed,Emily Jones,emily.jones26@dreamhomes.com,212-555-0026,Manhattan Flagship Office,Matthew Rodriguez,matthew.rodriguez162@gmail.com,917-555-0162,Investor,Sell
222,420 Ocean Ave,Greenwich,CT,06830,Greenwich Harbor,Co-op,3,2.2,3784,"$5,785,736","$5,611,308",2025-05-20,Closed,Emily Wilson,emily.wilson30@dreamhomes.com,212-555-0030,Greenwich Gold Coast Office,Michael Smith,michael.smith208@gmail.com,917-555-0208,Investor,Sell
223,328 Park Ave,Hoboken,NJ,07030,Hoboken Waterfront,Multi-Family,1,0.8,2539,"$2,993,481","$2,901,146",2025-04-01,Closed,Carol Moore,carol.moore24@dreamhomes.com,212-555-0024,Hoboken Uptown Office,Karen Thomas,karen.thomas290@gmail.com,917-555-0290,Seller,Buy
224,687 Broadway,New York,ny,11201,DUMBO,Townhouse,6,5.5,1298,"$2,275,394","$2,294,428",2025-02-05,Closed,Linda Martinez,linda.martinez12@dreamhomes.com,212-555-0012,Brooklyn Waterfront Office,James Johnson,james.johnson16@gmail.com,917-555-0016,Seller,Buy
225,54 5th Ave,Jersey City,NJ,07302,Paulus Hook,Condo,1,0.8,852,"$880,116","$899,648",2025-03-11,Closed,Michael Lewis,michael.lewis3@dreamhomes.com,212-555-0003,Jersey City Financial Center,Jessica Gonzalez,jessica.gonzalez292@gmail.com,917-555-0292,Seller,Sell
226,585 Washington St,New York,NY,10012,SoHo,Single Family,6,4.5,3260,"$7,778,360","$7,741,578",2025-03-14,Closed,Melissa Williams,melissa.williams11@dreamhomes.com,212-555-0011,Manhattan Flagship Office,Patricia Clark,patricia.clark46@gmail.com,917-555-0046,Investor,Sell
227,507 Washington St,Greenwich,CT,06830,Greenwich Harbor,Single Family,4,3.5,2009,"$3,057,698",$0,2025-05-16,Pending,Jessica Smith,jessica.smith10@dreamhomes.com,212-555-0010,Greenwich Gold Coast Office,Sarah Hernandez,sarah.hernandez198@gmail.com,917-555-0198,Buyer,Sell
228,263 Ocean Ave,Hoboken,NJ,07030,Hoboken Waterfront,Single Family,4,3.5,4143,"$5,369,328","$5,198,012",2025-05-14,Closed,Daniel Sanchez,daniel.sanchez19@dreamhomes.com,212-555-0019,Hoboken Uptown Office,Betty Gonzalez,betty.gonzalez142@gmail.com,917-555-0142,Seller,Buy
229,823 Washington St,Jersey City,NJ,07302,Downtown Jersey City,Single Family,3,2.2,830,"$862,370","$839,912",2025-06-10,Closed,Nancy Williams,nancy.williams23@dreamhomes.com,212-555-0023,Jersey City Financial Center,Brian Anderson,brian.anderson96@gmail.com,917-555-0096,Renter,Sell
230,708 Washington St,New York,NY,10012,Upper East Side,Single Family,1,1.2,2105,"$3,831,100","$3,817,329",2025-01-03,Closed,Christopher Miller,christopher.miller16@dreamhomes.com,212-555-0016,Manhattan Flagship Office,Nancy Moore,nancy.moore145@gmail.com,917-555-0145,Investor,Sell
231,862 Broadway,Hoboken,NJ,07030,Hoboken Waterfront,Multi-Family,4,4.0,3376,"$3,723,728","$3,573,793",2025-03-22,Closed,Amanda Anderson,amanda.anderson9@dreamhomes.com,212-555-0009,Hoboken Uptown Office,John Miller,john.miller56@gmail.com,917-555-0056,Seller,Lease
232,190 5th Ave,New York,ny,10012,Upper East Side,Multi-Family,4,4.0,3587,"$6,804,539","$6,737,876",2025-07-12,Closed,Christopher Miller,christopher.miller16@dreamhomes.com,212-555-0016,Manhattan Flagship Office,David Lee,david.lee133@gmail.com,917-555-0133,Renter,Sell
233,991 Broadway,New York,NY,10012,SoHo,Multi-Family,6,5.0,3070,"$7,337,300",$0,2025-06-13,Pending,Christopher Miller,christopher.miller16@dreamhomes.com,212-555-0016,Manhattan Flagship Office,Richard Lopez,richard.lopez218@gmail.com,917-555-0218,Investor,Lease
234,97 Park Ave,Greenwich,CT,06830,Stamford Downtown,Multi-Family,6,5.5,908,"$733,664","$724,342",2025-05-12,Closed,Matthew White,matthew.white20@dreamhomes.com,212-555-0020,Greenwich Gold Coast Office,Patricia Martinez,patricia.martinez320@gmail.com,917-555-0320,Buyer,Lease
235,957 Broadway,New York,NY,10012,Upper East Side,Single Family,1,0.8,888,"$1,719,168","$1,689,829",2025-06-03,Closed,Christopher Miller,christopher.miller16@dreamhomes.com,212-555-0016,Manhattan Flagship Office,Christopher Jones,christopher.jones284@gmail.com,917-555-0284,Buyer,Buy
236,482 Park Ave,Jersey City,NJ,07302,Paulus Hook,Townhouse,1,1.8,2214,"$2,384,478","$2,312,966",2025-01-28,Closed,Daniel Robinson,daniel.robinson18@dreamhomes.com,212-555-0018,Jersey City Financial Center,Charles White,charles.white102@gmail.com,917-555-0102,Buyer,Sell
237,676 Park Ave,New York,NY,10012,SoHo,Multi-Family,1,0.8,3316,"$8,047,932",$0,2025-03-11,Pending,Melissa Williams,melissa.williams11@dreamhomes.com,212-555-0011,Manhattan Flagship Office,Lisa Lee,lisa.lee234@gmail.com,917-555-0234,Renter,Buy
238,430 Ocean Ave,Jersey City,NJ,07302,Paulus Hook,Condo,3,2.2,3742,"$4,179,814",$0,2025-01-30,Pending,Daniel Robinson,daniel.robinson18@dreamhomes.com,212-555-0018,Jersey City Financial Center,David Lee,david.lee133@gmail.com,917-555-0133,Renter,Lease
239,42 Grand St,Jersey City,NJ,07302,Downtown Jersey City,Single Family,1,1.2,3907,"$4,371,933","$4,436,539",2025-07-01,Closed,Michael Lewis,michael.lewis3@dreamhomes.com,212-555-0003,Jersey City Financial Center,Kenneth Lopez,kenneth.lopez346@gmail.com,917-555-0346,Buyer,Lease
240,910 Grand St,New York,ny,10012,Tribeca,Condo,4,4.0,2851,"$6,662,787","$6,390,274",2025-01-10,Closed,Carol Wilson,carol.wilson6@dreamhomes.com,212-555-0006,Manhattan Flagship Office,Barbara Moore,barbara.moore121@gmail.com,917-555-0121,Buyer,Lease
241,857 Park Ave,New York,NY,10012,SoHo,Multi-Family,2,2.0,1471,"$3,515,690",$0,2025-06-18,Active,Christopher Miller,christopher.miller16@dreamhomes.com,212-555-0016,Manhattan Flagship Office,Robert Smith,robert.smith88@gmail.com,917-555-0088,Renter,Lease
242,385 5th Ave,Jersey City,NJ,07302,Paulus Hook,Multi-Family,4,3.5,944,"$953,440","$935,321",2025-02-03,Closed,Nancy Williams,nancy.williams23@dreamhomes.com,212-555-0023,Jersey City Financial Center,Joseph Taylor,joseph.taylor246@gmail.com,917-555-0246,Investor,Sell
243,517 Grand St,Jersey City,NJ,07302,Paulus Hook,Single Family,3,2.2,2984,"$2,900,448",$0,2025-06-06,Pending,Mary Ramirez,mary.ramirez28@dreamhomes.com,212-555-0028,Jersey City Financial Center,Richard Sanchez,richard.sanchez174@gmail.com,917-555-0174,Renter,Sell
244,59 Ocean Ave,Greenwich,CT,06830,Greenwich Harbor,Multi-Family,2,1.5,3164,"$4,685,884","$4,788,469",2025-05-08,Closed,Matthew White,matthew.white20@dreamhomes.com,212-555-0020,Greenwich Gold Coast Office,Sandra Moore,sandra.moore21@gmail.com,917-555-0021,Buyer,Lease
245,615 Ocean Ave,New York,NY,11201,Williamsburg,Single Family,6,5.0,1225,"$1,797,075","$1,767,200",2025-02-20,Closed,Linda Martinez,linda.martinez12@dreamhomes.com,212-555-0012,Brooklyn Waterfront Office,Michelle Lewis,michelle.lewis61@gmail.com,917-555-0061,Seller,Buy
246,319 Washington St,Jersey City,NJ,07302,Paulus Hook,Condo,5,3.8,1842,"$2,066,724","$1,999,057",2025-03-14,Closed,Nancy Williams,nancy.williams23@dreamhomes.com,212-555-0023,Jersey City Financial Center,Linda Lee,linda.lee10@gmail.com,917-555-0010,Renter,Buy
247,92 Grand St,New York,NY,11201,Williamsburg,Co-op,3,3.2,1491,"$2,172,387",$0,2025-03-17,Pending,Betty Rodriguez,betty.rodriguez17@dreamhomes.com,212-555-0017,Brooklyn Waterfront Office,William Smith,william.smith216@gmail.com,917-555-0216,Renter,Sell
248,496 Ocean Ave,Jersey City,nj,07302,Downtown Jersey City,Townhouse,6,5.0,3200,"$3,344,000","$3,305,898",2025-01-24,Closed,Michael Lewis,michael.lewis3@dreamhomes.com,212-555-0003,Jersey City Financial Center,Matthew Smith,matthew.smith44@gmail.com,917-555-0044,Buyer,Buy
249,747 5th Ave,New York,NY,11201,Williamsburg,Single Family,4,3.5,1216,"$1,657,408",$0,2025-06-06,Active,Robert White,robert.white22@dreamhomes.com,212-555-0022,Brooklyn Waterfront Office,Thomas Brown,thomas.brown81@gmail.com,917-555-0081,Renter,Buy
250,275 Park Ave,Greenwich,CT,06830,Greenwich Harbor,Multi-Family,1,1.2,1722,"$2,667,378","$2,640,814",2025-01-26,Closed,Matthew White,matthew.white20@dreamhomes.com,212-555-0020,Greenwich Gold Coast Office,Joseph Ramirez,joseph.ramirez175@gmail.com,917-555-0175,Investor,Buy
251,188 Ocean Ave,Jersey City,NJ,07302,Paulus Hook,Condo,6,5.5,920,"$1,026,720",$0,2025-06-20,Pending,Nancy Williams,nancy.williams23@dreamhomes.com,212-555-0023,Jersey City Financial Center,Linda Martin,linda.martin77@gmail.com,917-555-0077,Investor,Lease
252,275 Grand St,New York,NY,10012,SoHo,Co-op,2,2.5,1907,"$4,584,428",$0,2025-03-25,Pending,Kenneth Lee,kenneth.lee21@dreamhomes.com,212-555-0021,Manhattan Flagship Office,Linda Wilson,linda.wilson2@gmail.com,917-555-0002,Renter,Buy
253,729 Broadway,Hoboken,NJ,07030,Hoboken Waterfront,Single Family,2,2.0,1823,"$2,049,052",$0,2025-02-14,Active,Carol Moore,carol.moore24@dreamhomes.com,212-555-0024,Hoboken Uptown Office,Anthony Jackson,anthony.jackson4@gmail.com,917-555-0004,Renter,Sell
254,359 Grand St,New York,NY,10012,SoHo,Co-op,5,4.2,1671,"$3,951,915","$3,997,137",2025-03-13,Closed,Kenneth Lee,kenneth.lee21@dreamhomes.com,212-555-0021,Manhattan Flagship Office,Linda Lopez,linda.lopez163@gmail.com,917-555-0163,Renter,Buy
255,497 Broadway,New York,NY,11201,DUMBO,Multi-Family,2,1.5,3389,"$5,995,141",$0,2025-05-12,Active,Kevin Martinez,kevin.martinez27@dreamhomes.com,212-555-0027,Brooklyn Waterfront Office,Joseph Harris,joseph.harris113@gmail.com,917-555-0113,Seller,Buy
256,576 Washington St,New York,ny,10012,Upper East Side,Single Family,1,0.8,1515,"$2,719,425","$2,613,897",2025-05-10,Closed,Emily Jones,emily.jones26@dreamhomes.com,212-555-0026,Manhattan Flagship Office,David Lewis,david.lewis147@gmail.com,917-555-0147,Investor,Lease
257,596 Washington St,Greenwich,CT,06830,Greenwich Harbor,Condo,3,2.8,3927,"$6,346,032","$6,144,000",2025-01-11,Closed,Donna Perez,donna.perez15@dreamhomes.com,212-555-0015,Greenwich Gold Coast Office,Kenneth Perez,kenneth.perez98@gmail.com,917-555-0098,Investor,Buy
258,228 Park Ave,Greenwich,CT,06830,Stamford Downtown,Single Family,6,5.0,2608,"$2,347,200","$2,332,328",2025-04-02,Closed,Charles Martinez,charles.martinez25@dreamhomes.com,212-555-0025,Greenwich Gold Coast Office,Nancy Ramirez,nancy.ramirez129@gmail.com,917-555-0129,Seller,Sell
259,228 Grand St,New York,NY,10012,SoHo,Multi-Family,5,3.8,2880,"$6,920,640","$6,814,868",2025-03-21,Closed,Kenneth Lee,kenneth.lee21@dreamhomes.com,212-555-0021,Manhattan Flagship Office,William Moore,william.moore37@gmail.com,917-555-0037,Seller,Lease
260,724 5th Ave,New York,NY,10012,Tribeca,Townhouse,3,3.2,1815,"$4,316,070","$4,117,209",2025-05-16,Closed,Emily Clark,emily.clark1@dreamhomes.com,212-555-0001,Manhattan Flagship Office,Sandra Miller,sandra.miller266@gmail.com,917-555-0266,Renter,Lease
261,63 5th Ave,Hoboken,NJ,07030,Hoboken Waterfront,Townhouse,5,4.2,956,"$1,116,608",$0,2025-06-07,Pending,Lisa Lopez,lisa.lopez29@dreamhomes.com,212-555-0029,Hoboken Uptown Office,Karen Johnson,karen.johnson146@gmail.com,917-555-0146,Seller,Buy
262,778 5th Ave,New York,NY,11201,Williamsburg,Co-op,4,4.0,1146,"$1,719,000","$1,680,865",2025-01-28,Closed,Linda Martinez,linda.martinez12@dreamhomes.com,212-555-0012,Brooklyn Waterfront Office,Joseph Lee,joseph.lee197@gmail.com,917-555-0197,Buyer,Sell
263,916 Grand St,Hoboken,NJ,07030,Hoboken Waterfront,Multi-Family,1,0.8,3895,"$4,619,470","$4,670,737",2025-01-08,Closed,Lisa Lopez,lisa.lopez29@dreamhomes.com,212-555-0029,Hoboken Uptown Office,David Rodriguez,david.rodriguez87@gmail.com,917-555-0087,Investor,Sell
264,700 5th Ave,New York,ny,11201,DUMBO,Condo,1,1.2,2241,"$3,688,686","$3,594,112",2025-03-25,Closed,Kevin Moore,kevin.moore7@dreamhomes.com,212-555-0007,Brooklyn Waterfront Office,Mark Miller,mark.miller296@gmail.com,917-555-0296,Buyer,Lease
265,179 Park Ave,Hoboken,NJ,07030,Hoboken Waterfront,Townhouse,3,2.8,1645,"$1,901,620","$1,890,369",2025-06-06,Closed,Joseph Lewis,joseph.lewis4@dreamhomes.com,212-555-0004,Hoboken Uptown Office,Lisa Lopez,lisa.lopez130@gmail.com,917-555-0130,Renter,Sell
266,21 Washington St,Jersey City,NJ,07302,Paulus Hook,Single Family,3,2.8,2169,"$2,409,759",$0,2025-05-05,Pending,Nancy Williams,nancy.williams23@dreamhomes.com,212-555-0023,Jersey City Financial Center,Betty Robinson,betty.robinson3@gmail.com,917-555-0003,Investor,Buy
267,144 Grand St,New York,NY,11201,Williamsburg,Co-op,1,0.8,1640,"$2,400,960",$0,2025-01-28,Active,Kevin Martinez,kevin.martinez27@dreamhomes.com,212-555-0027,Brooklyn Waterfront Office,Brian Martin,brian.martin159@gmail.com,917-555-0159,Seller,Sell
268,265 Grand St,Greenwich,CT,06830,Stamford Downtown,Condo,1,1.8,2720,"$2,399,040","$2,308,339",2025-04-09,Closed,Brian Martin,brian.martin5@dreamhomes.com,212-555-0005,Greenwich Gold Coast Office,Jennifer Davis,jennifer.davis330@gmail.com,917-555-0330,Buyer,Lease
269,755 Ocean Ave,Jersey City,NJ,07302,Paulus Hook,Multi-Family,4,4.0,2410,"$2,749,810","$2,731,343",2025-01-15,Closed,Nancy Williams,nancy.williams23@dreamhomes.com,212-555-0023,Jersey City Financial Center,Barbara Thompson,barbara.thompson242@gmail.com,917-555-0242,Buyer,Buy
270,691 5th Ave,Jersey City,NJ,07302,Downtown Jersey City,Single Family,2,1.5,2840,"$3,158,080",$0,2025-05-28,Pending,Michael Lewis,michael.lewis3@dreamhomes.com,212-555-0003,Jersey City Financial Center,Daniel Clark,daniel.clark135@gmail.com,917-555-0135,Renter,Sell
271,459 5th Ave,New York,NY,11201,Williamsburg,Townhouse,2,2.5,2225,"$3,094,975","$3,161,041",2025-04-22,Closed,Linda Martinez,linda.martinez12@dreamhomes.com,212-555-0012,Brooklyn Waterfront Office,James Wilson,james.wilson331@gmail.com,917-555-0331,Renter,Buy
272,796 Ocean Ave,Greenwich,ct,06830,Greenwich Harbor,Single Family,3,3.2,3092,"$4,579,252","$4,623,615",2025-05-26,Closed,Charles Martinez,charles.martinez25@dreamhomes.com,212-555-0025,Greenwich Gold Coast Office,Joseph Harris,joseph.harris113@gmail.com,917-555-0113,Seller,Buy
273,297 Grand St,Hoboken,NJ,07030,Hoboken Waterfront,Multi-Family,6,5.0,1750,"$2,091,250",$0,2025-03-14,Pending,Carol Moore,carol.moore24@dreamhomes.com,212-555-0024,Hoboken Uptown Office,Lisa Rodriguez,lisa.rodriguez217@gmail.com,917-555-0217,Renter,Buy
274,864 5th Ave,New York,NY,11201,DUMBO,Multi-Family,3,3.2,1709,"$3,018,094","$2,879,680",2025-05-31,Closed,Kevin Moore,kevin.moore7@dreamhomes.com,212-555-0007,Brooklyn Waterfront Office,Lisa Williams,lisa.williams157@gmail.com,917-555-0157,Investor,Sell
275,677 Grand St,Jersey City,NJ,07302,Paulus Hook,Townhouse,6,5.5,1455,"$1,386,615",$0,2025-02-01,Pending,Donna Harris,donna.harris8@dreamhomes.com,212-555-0008,Jersey City Financial Center,Charles Clark,charles.clark15@gmail.com,917-555-0015,Investor,Sell
276,774 Ocean Ave,Jersey City,NJ,07302,Downtown Jersey City,Townhouse,1,0.8,3978,"$4,013,802",$0,2025-03-21,Active,Michael Anderson,michael.anderson13@dreamhomes.com,212-555-0013,Jersey City Financial Center,Andrew Ramirez,andrew.ramirez195@gmail.com,917-555-0195,Renter,Sell
277,669 5th Ave,New York,NY,11201,Williamsburg,Townhouse,5,4.2,1141,"$1,597,400","$1,624,002",2025-07-14,Closed,Betty Rodriguez,betty.rodriguez17@dreamhomes.com,212-555-0017,Brooklyn Waterfront Office,Charles White,charles.white102@gmail.com,917-555-0102,Buyer,Lease
278,886 Washington St,New York,NY,10012,Upper East Side,Co-op,3,2.8,3214,"$5,775,558","$5,503,451",2025-05-17,Closed,Emily Jones,emily.jones26@dreamhomes.com,212-555-0026,Manhattan Flagship Office,Michael Smith,michael.smith208@gmail.com,917-555-0208,Investor,Sell
279,700 Ocean Ave,New York,NY,11201,Williamsburg,Single Family,4,3.5,3785,"$5,090,825",$0,2025-02-05,Active,Robert White,robert.white22@dreamhomes.com,212-555-0022,Brooklyn Waterfront Office,Joshua Lopez,joshua.lopez328@gmail.com,917-555-0328,Seller,Buy
280,888 Broadway,Greenwich,ct,06830,Stamford Downtown,Co-op,2,1.5,940,"$742,600",$0,2025-07-16,Pending,Jessica Smith,jessica.smith10@dreamhomes.com,212-555-0010,Greenwich Gold Coast Office,David Taylor,david.taylor312@gmail.com,917-555-0312,Investor,Lease
281,893 Ocean Ave,Greenwich,CT,06830,Stamford Downtown,Condo,1,1.8,2997,"$2,349,648","$2,260,301",2025-03-23,Closed,Emily Wilson,emily.wilson30@dreamhomes.com,212-555-0030,Greenwich Gold Coast Office,Kenneth Ramirez,kenneth.ramirez293@gmail.com,917-555-0293,Investor,Buy
282,188 Broadway,Jersey City,NJ,07302,Downtown Jersey City,Single Family,3,3.2,1270,"$1,367,790","$1,340,271",2025-03-26,Closed,Daniel Robinson,daniel.robinson18@dreamhomes.com,212-555-0018,Jersey City Financial Center,Sandra Anderson,sandra.anderson259@gmail.com,917-555-0259,Investor,Sell
283,679 Ocean Ave,Greenwich,CT,06830,Greenwich Harbor,Townhouse,2,1.5,3079,"$5,012,612",$0,2025-07-12,Active,Charles Martinez,charles.martinez25@dreamhomes.com,212-555-0025,Greenwich Gold Coast Office,Barbara Perez,barbara.perez243@gmail.com,917-555-0243,Seller,Buy
284,582 Washington St,New York,NY,10012,Upper East Side,Single Family,2,2.0,3225,"$5,695,350","$5,646,942",2025-05-14,Closed,Kenneth Lee,kenneth.lee21@dreamhomes.com,212-555-0021,Manhattan Flagship Office,Kenneth Wilson,kenneth.wilson42@gmail.com,917-555-0042,Renter,Lease
285,684 Broadway,Greenwich,CT,06830,Greenwich Harbor,Townhouse,2,2.5,2809,"$4,553,389","$4,358,976",2025-02-04,Closed,Matthew White,matthew.white20@dreamhomes.com,212-555-0020,Greenwich Gold Coast Office,Richard Lee,richard.lee319@gmail.com,917-555-0319,Renter,Lease
286,198 Washington St,Greenwich,CT,06830,Stamford Downtown,Townhouse,3,3.2,1721,"$1,373,358","$1,333,093",2025-04-05,Closed,Brian Martin,brian.martin5@dreamhomes.com,212-555-0005,Greenwich Gold Coast Office,Jennifer Davis,jennifer.davis330@gmail.com,917-555-0330,Buyer,Buy
287,149 Park Ave,Greenwich,CT,06830,Stamford Downtown,Co-op,2,2.0,1846,"$1,534,026",$0,2025-02-04,Active,Charles Martinez,charles.martinez25@dreamhomes.com,212-555-0025,Greenwich Gold Coast Office,Richard Lopez,richard.lopez218@gmail.com,917-555-0218,Investor,Sell
288,267 Park Ave,Hoboken,nj,07030,Hoboken Waterfront,Co-op,3,3.2,1614,"$1,999,746",$0,2025-01-30,Active,Lisa Lopez,lisa.lopez29@dreamhomes.com,212-555-0029,Hoboken Uptown Office,Daniel Perez,daniel.perez165@gmail.com,917-555-0165,Renter,Sell
289,965 Broadway,New York,NY,10012,SoHo,Multi-Family,4,3.5,3610,"$8,739,810","$8,955,458",2025-07-06,Closed,Kenneth Lee,kenneth.lee21@dreamhomes.com,212-555-0021,Manhattan Flagship Office,Joshua Smith,joshua.smith283@gmail.com,917-555-0283,Seller,Lease
290,888 Grand St,New York,NY,10012,Upper East Side,Multi-Family,6,5.0,1735,"$3,145,555","$3,097,247",2025-02-13,Closed,Carol Wilson,carol.wilson6@dreamhomes.com,212-555-0006,Manhattan Flagship Office,Kenneth Harris,kenneth.harris335@gmail.com,917-555-0335,Investor,Sell
291,501 Park Ave,Greenwich,CT,06830,Greenwich Harbor,Condo,1,1.8,1430,"$2,295,150","$2,282,875",2025-01-21,Closed,Brian Martin,brian.martin5@dreamhomes.com,212-555-0005,Greenwich Gold Coast Office,Daniel Perez,daniel.perez165@gmail.com,917-555-0165,Renter,Buy
292,522 Broadway,New York,NY,11201,DUMBO,Single Family,2,1.5,4182,"$6,620,106",$0,2025-02-18,Active,Linda Martinez,linda.martinez12@dreamhomes.com,212-555-0012,Brooklyn Waterfront Office,Joshua Thompson,joshua.thompson240@gmail.com,917-555-0240,Investor,Buy
293,686 Washington St,Hoboken,NJ,07030,Hoboken Waterfront,Co-op,5,4.8,1387,"$1,787,843",$0,2025-01-17,Active,Daniel Sanchez,daniel.sanchez19@dreamhomes.com,212-555-0019,Hoboken Uptown Office,Carol Sanchez,carol.sanchez13@gmail.com,917-555-0013,Renter,Sell
294,208 Broadway,New York,NY,11201,Williamsburg,Condo,3,3.2,1995,"$2,976,540",$0,2025-04-15,Active,Robert White,robert.white22@dreamhomes.com,212-555-0022,Brooklyn Waterfront Office,Linda Garcia,linda.garcia265@gmail.com,917-555-0265,Seller,Lease
295,142 Broadway,New York,NY,11201,DUMBO,Single Family,1,1.8,2479,"$3,958,963",$0,2025-04-28,Pending,Robert White,robert.white22@dreamhomes.com,212-555-0022,Brooklyn Waterfront Office,Mary Lopez,mary.lopez75@gmail.com,917-555-0075,Seller,Buy
296,229 Park Ave,New York,ny,10012,Tribeca,Multi-Family,4,3.0,3746,"$8,544,626","$8,318,195",2025-05-20,Closed,Emily Clark,emily.clark1@dreamhomes.com,212-555-0001,Manhattan Flagship Office,Elizabeth Thomas,elizabeth.thomas134@gmail.com,917-555-0134,Buyer,Buy
297,232 5th Ave,Jersey City,NJ,07302,Downtown Jersey City,Single Family,5,4.8,3995,"$4,074,900","$3,896,460",2025-01-12,Closed,Michael Lewis,michael.lewis3@dreamhomes.com,212-555-0003,Jersey City Financial Center,Betty Thompson,betty.thompson127@gmail.com,917-555-0127,Investor,Sell
298,711 Ocean Ave,Jersey City,NJ,07302,Downtown Jersey City,Single Family,5,3.8,1368,"$1,537,632","$1,555,254",2025-02-18,Closed,Mary Ramirez,mary.ramirez28@dreamhomes.com,212-555-0028,Jersey City Financial Center,Richard White,richard.white28@gmail.com,917-555-0028,Renter,Lease
299,495 Washington St,Hoboken,NJ,07030,Hoboken Waterfront,Townhouse,4,3.0,1595,"$1,944,305","$1,903,038",2025-05-08,Closed,Carol Moore,carol.moore24@dreamhomes.com,212-555-0024,Hoboken Uptown Office,Daniel Moore,daniel.moore277@gmail.com,917-555-0277,Buyer,Lease
300,984 Washington St,Greenwich,CT,06830,Stamford Downtown,Co-op,3,3.2,1153,"$924,706","$947,276",2025-05-10,Closed,Brian Martin,brian.martin5@dreamhomes.com,212-555-0005,Greenwich Gold Coast Office,Daniel Wilson,daniel.wilson111@gmail.com,917-555-0111,Renter,Buy
301,911 Grand St,New York,NY,10012,Tribeca,Multi-Family,2,2.0,4120,"$9,525,440","$9,311,293",2025-03-11,Closed,Kenneth Lee,kenneth.lee21@dreamhomes.com,212-555-0021,Manhattan Flagship Office,Anthony Ramirez,anthony.ramirez221@gmail.com,917-555-0221,Buyer,Lease
302,13 Grand St,Greenwich,CT,06830,Greenwich Harbor,Single Family,3,2.8,958,"$1,480,110","$1,430,445",2025-03-09,Closed,Donna Perez,donna.perez15@dreamhomes.com,212-555-0015,Greenwich Gold Coast Office,Andrew Thompson,andrew.thompson11@gmail.com,917-555-0011,Investor,Lease
303,109 Washington St,Greenwich,CT,06830,Greenwich Harbor,Multi-Family,3,3.2,1979,"$2,897,256",$0,2025-06-13,Active,Jessica Smith,jessica.smith10@dreamhomes.com,212-555-0010,Greenwich Gold Coast Office,Richard Clark,richard.clark255@gmail.com,917-555-0255,Seller,Buy
304,521 Ocean Ave,New York,ny,11201,Williamsburg,Single Family,1,1.2,3999,"$5,302,674",$0,2025-03-22,Pending,Kevin Moore,kevin.moore7@dreamhomes.com,212-555-0007,Brooklyn Waterfront Office,Patricia Thompson,patricia.thompson7@gmail.com,917-555-0007,Buyer,Sell
305,47 Washington St,Jersey City,NJ,07302,Paulus Hook,Condo,6,5.0,2473,"$2,559,555",$0,2025-06-21,Pending,Michael Lewis,michael.lewis3@dreamhomes.com,212-555-0003,Jersey City Financial Center,Christopher Thompson,christopher.thompson291@gmail.com,917-555-0291,Renter,Lease
306,818 Broadway,Hoboken,NJ,07030,Hoboken Waterfront,Multi-Family,3,2.2,2205,"$2,626,155","$2,682,070",2025-07-19,Closed,Amanda Anderson,amanda.anderson9@dreamhomes.com,212-555-0009,Hoboken Uptown Office,Anthony Johnson,anthony.johnson209@gmail.com,917-555-0209,Seller,Lease
307,784 5th Ave,Hoboken,NJ,07030,Hoboken Waterfront,Multi-Family,2,2.5,2694,"$3,001,116",$0,2025-05-18,Active,Joseph Lewis,joseph.lewis4@dreamhomes.com,212-555-0004,Hoboken Uptown Office,Jessica Thomas,jessica.thomas125@gmail.com,917-555-0125,Buyer,Lease
308,365 Park Ave,Greenwich,CT,06830,Greenwich Harbor,Multi-Family,3,3.2,3382,"$5,282,684",$0,2025-06-10,Pending,Jessica Smith,jessica.smith10@dreamhomes.com,212-555-0010,Greenwich Gold Coast Office,David Robinson,david.robinson314@gmail.com,917-555-0314,Buyer,Lease
309,389 Broadway,Greenwich,CT,06830,Stamford Downtown,Condo,2,2.0,2160,"$1,786,320","$1,715,928",2025-03-27,Closed,Jessica Smith,jessica.smith10@dreamhomes.com,212-555-0010,Greenwich Gold Coast Office,Melissa Garcia,melissa.garcia333@gmail.com,917-555-0333,Seller,Sell
310,473 Ocean Ave,New York,NY,10012,Tribeca,Condo,3,3.2,3265,"$7,757,640","$7,937,365",2025-07-14,Closed,Christopher Miller,christopher.miller16@dreamhomes.com,212-555-0016,Manhattan Flagship Office,Jessica Martinez,jessica.martinez349@gmail.com,917-555-0349,Seller,Buy
311,549 Broadway,New York,NY,11201,DUMBO,Single Family,1,1.8,3365,"$5,902,210","$5,734,800",2025-02-15,Closed,Linda Martinez,linda.martinez12@dreamhomes.com,212-555-0012,Brooklyn Waterfront Office,Barbara Thompson,barbara.thompson242@gmail.com,917-555-0242,Buyer,Buy
312,563 Grand St,New York,ny,11201,DUMBO,Co-op,2,2.5,2519,"$4,365,427",$0,2025-01-30,Pending,Robert White,robert.white22@dreamhomes.com,212-555-0022,Brooklyn Waterfront Office,Andrew Ramirez,andrew.ramirez340@gmail.com,917-555-0340,Seller,Lease
313,689 Ocean Ave,New York,NY,11201,DUMBO,Multi-Family,3,2.8,4011,"$6,509,853",$0,2025-05-09,Pending,Linda Martinez,linda.martinez12@dreamhomes.com,212-555-0012,Brooklyn Waterfront Office,Joshua Martin,joshua.martin235@gmail.com,917-555-0235,Seller,Sell
314,876 Park Ave,New York,NY,11201,DUMBO,Single Family,3,2.2,2066,"$3,377,910","$3,400,929",2025-04-02,Closed,Kevin Martinez,kevin.martinez27@dreamhomes.com,212-555-0027,Brooklyn Waterfront Office,David Hernandez,david.hernandez170@gmail.com,917-555-0170,Renter,Lease
315,361 5th Ave,Greenwich,CT,06830,Greenwich Harbor,Co-op,2,1.5,3140,"$4,951,780","$5,061,848",2025-05-29,Closed,Emily Wilson,emily.wilson30@dreamhomes.com,212-555-0030,Greenwich Gold Coast Office,Susan Wilson,susan.wilson231@gmail.com,917-555-0231,Seller,Buy
316,97 Park Ave,Jersey City,NJ,07302,Paulus Hook,Single Family,3,2.8,3672,"$3,646,296","$3,691,616",2025-04-21,Closed,Mary Ramirez,mary.ramirez28@dreamhomes.com,212-555-0028,Jersey City Financial Center,Elizabeth Martin,elizabeth.martin236@gmail.com,917-555-0236,Seller,Sell
317,834 Ocean Ave,Greenwich,CT,06830,Stamford Downtown,Condo,1,0.8,2321,"$1,775,565",$0,2025-05-30,Pending,Donna Perez,donna.perez15@dreamhomes.com,212-555-0015,Greenwich Gold Coast Office,Michelle Hernandez,michelle.hernandez302@gmail.com,917-555-0302,Investor,Sell
318,856 Ocean Ave,Hoboken,NJ,07030,Hoboken Waterfront,Single Family,1,1.2,2772,"$3,318,084","$3,227,859",2025-06-28,Closed,Carol Moore,carol.moore24@dreamhomes.com,212-555-0024,Hoboken Uptown Office,Joseph Lee,joseph.lee197@gmail.com,917-555-0197,Buyer,Buy
319,101 Ocean Ave,Greenwich,CT,06830,Greenwich Harbor,Condo,1,1.8,2229,"$3,341,271","$3,274,532",2025-07-08,Closed,Charles Martinez,charles.martinez25@dreamhomes.com,212-555-0025,Greenwich Gold Coast Office,Richard Johnson,richard.johnson311@gmail.com,917-555-0311,Investor,Lease
320,358 Grand St,Hoboken,nj,07030,Hoboken Waterfront,Multi-Family,1,1.8,1061,"$1,357,019","$1,353,678",2025-02-22,Closed,Carol Moore,carol.moore24@dreamhomes.com,212-555-0024,Hoboken Uptown Office,Daniel Robinson,daniel.robinson47@gmail.com,917-555-0047,Buyer,Lease
321,58 Washington St,Hoboken,NJ,07030,Hoboken Waterfront,Co-op,1,1.2,2714,"$3,058,678","$3,007,076",2025-06-14,Closed,Joseph Lewis,joseph.lewis4@dreamhomes.com,212-555-0004,Hoboken Uptown Office,Joseph Anderson,joseph.anderson204@gmail.com,917-555-0204,Seller,Sell
322,56 Grand St,Jersey City,NJ,07302,Paulus Hook,Co-op,6,4.5,1816,"$1,855,952","$1,774,881",2025-02-17,Closed,Michael Anderson,michael.anderson13@dreamhomes.com,212-555-0013,Jersey City Financial Center,Kenneth Miller,kenneth.miller232@gmail.com,917-555-0232,Investor,Sell
323,492 Broadway,New York,NY,10012,SoHo,Co-op,2,2.0,3982,"$9,735,990","$9,915,310",2025-04-26,Closed,Emily Clark,emily.clark1@dreamhomes.com,212-555-0001,Manhattan Flagship Office,David Lewis,david.lewis147@gmail.com,917-555-0147,Investor,Sell
324,220 Park Ave,New York,NY,10012,Tribeca,Multi-Family,6,5.0,1540,"$3,711,400","$3,692,550",2025-03-23,Closed,Emily Clark,emily.clark1@dreamhomes.com,212-555-0001,Manhattan Flagship Office,Kenneth Miller,kenneth.miller232@gmail.com,917-555-0232,Investor,Sell
325,298 Broadway,New York,NY,10012,SoHo,Co-op,1,0.8,1092,"$2,703,792","$2,572,626",2025-02-19,Closed,Christopher Miller,christopher.miller16@dreamhomes.com,212-555-0016,Manhattan Flagship Office,William Thompson,william.thompson139@gmail.com,917-555-0139,Buyer,Sell
326,459 Park Ave,New York,NY,10012,Tribeca,Single Family,4,4.0,2881,"$6,833,732","$6,763,882",2025-06-13,Closed,Christopher Miller,christopher.miller16@dreamhomes.com,212-555-0016,Manhattan Flagship Office,Nancy Smith,nancy.smith196@gmail.com,917-555-0196,Buyer,Buy
327,623 Park Ave,New York,NY,10012,Tribeca,Townhouse,4,4.0,4090,"$9,582,870","$9,138,381",2025-01-13,Closed,Emily Clark,emily.clark1@dreamhomes.com,212-555-0001,Manhattan Flagship Office,Charles White,charles.white102@gmail.com,917-555-0102,Buyer,Buy
328,963 Broadway,Greenwich,ct,06830,Stamford Downtown,Co-op,6,5.0,2525,"$2,307,850","$2,213,994",2025-03-30,Closed,Donna Perez,donna.perez15@dreamhomes.com,212-555-0015,Greenwich Gold Coast Office,Christopher Perez,christopher.perez49@gmail.com,917-555-0049,Investor,Buy
329,432 Ocean Ave,New York,NY,10012,Upper East Side,Townhouse,3,2.8,1507,"$2,683,967","$2,581,957",2025-03-16,Closed,Emily Clark,emily.clark1@dreamhomes.com,212-555-0001,Manhattan Flagship Office,Christopher Jackson,christopher.jackson104@gmail.com,917-555-0104,Buyer,Lease
330,50 Broadway,Jersey City,NJ,07302,Paulus Hook,Single Family,3,2.2,2744,"$2,628,752","$2,587,592",2025-02-14,Closed,Michael Anderson,michael.anderson13@dreamhomes.com,212-555-0013,Jersey City Financial Center,Christopher Jones,christopher.jones284@gmail.com,917-555-0284,Buyer,Sell
331,685 5th Ave,New York,NY,10012,SoHo,Multi-Family,1,1.2,2828,"$6,869,212",$0,2025-02-24,Active,Christopher Miller,christopher.miller16@dreamhomes.com,212-555-0016,Manhattan Flagship Office,Mark Miller,mark.miller296@gmail.com,917-555-0296,Buyer,Lease
332,230 Washington St,Greenwich,CT,06830,Stamford Downtown,Townhouse,2,2.0,2576,"$2,243,696","$2,258,173",2025-05-14,Closed,Brian Martin,brian.martin5@dreamhomes.com,212-555-0005,Greenwich Gold Coast Office,Joshua Lopez,joshua.lopez328@gmail.com,917-555-0328,Seller,Buy
333,289 Washington St,Hoboken,NJ,07030,Hoboken Waterfront,Townhouse,4,3.0,979,"$1,222,771","$1,259,172",2025-02-04,Closed,Amanda Anderson,amanda.anderson9@dreamhomes.com,212-555-0009,Hoboken Uptown Office,Richard Lopez,richard.lopez218@gmail.com,917-555-0218,Investor,Lease
334,523 Grand St,Jersey City,NJ,07302,Downtown Jersey City,Co-op,6,5.0,1170,"$1,317,420","$1,283,924",2025-04-01,Closed,Mary Ramirez,mary.ramirez28@dreamhomes.com,212-555-0028,Jersey City Financial Center,Joshua Lee,joshua.lee182@gmail.com,917-555-0182,Investor,Buy
335,388 Washington St,New York,NY,11201,DUMBO,Condo,5,3.8,1095,"$1,906,395",$0,2025-06-27,Active,Betty Rodriguez,betty.rodriguez17@dreamhomes.com,212-555-0017,Brooklyn Waterfront Office,Kevin Ramirez,kevin.ramirez339@gmail.com,917-555-0339,Seller,Sell
336,524 5th Ave,Jersey City,nj,07302,Downtown Jersey City,Townhouse,6,5.0,1815,"$2,130,810","$2,119,874",2025-05-17,Closed,Mary Ramirez,mary.ramirez28@dreamhomes.com,212-555-0028,Jersey City Financial Center,Anthony Jackson,anthony.jackson4@gmail.com,917-555-0004,Renter,Lease
337,764 Grand St,Greenwich,CT,06830,Greenwich Harbor,Condo,1,1.2,1406,"$2,182,112",$0,2025-06-28,Pending,Jessica Smith,jessica.smith10@dreamhomes.com,212-555-0010,Greenwich Gold Coast Office,Donna Brown,donna.brown161@gmail.com,917-555-0161,Buyer,Sell
338,107 5th Ave,Hoboken,NJ,07030,Hoboken Waterfront,Townhouse,5,4.8,1918,"$2,136,652","$2,114,797",2025-02-05,Closed,Joseph Lewis,joseph.lewis4@dreamhomes.com,212-555-0004,Hoboken Uptown Office,Thomas Thompson,thomas.thompson19@gmail.com,917-555-0019,Renter,Buy
339,683 5th Ave,Hoboken,NJ,07030,Hoboken Waterfront,Townhouse,6,5.0,1548,"$2,003,112","$1,993,222",2025-04-19,Closed,James Clark,james.clark14@dreamhomes.com,212-555-0014,Hoboken Uptown Office,Mark Hernandez,mark.hernandez50@gmail.com,917-555-0050,Buyer,Buy
340,817 Broadway,Hoboken,NJ,07030,Hoboken Waterfront,Condo,3,2.8,2798,"$3,346,408",$0,2025-06-26,Active,Amanda Anderson,amanda.anderson9@dreamhomes.com,212-555-0009,Hoboken Uptown Office,Mark Hernandez,mark.hernandez50@gmail.com,917-555-0050,Buyer,Sell
341,564 Ocean Ave,New York,NY,11201,DUMBO,Co-op,6,5.0,1437,"$2,536,305","$2,492,136",2025-07-14,Closed,Linda Martinez,linda.martinez12@dreamhomes.com,212-555-0012,Brooklyn Waterfront Office,William Lee,william.lee120@gmail.com,917-555-0120,Buyer,Sell
342,763 5th Ave,New York,NY,10012,Upper East Side,Single Family,2,1.5,3144,"$5,511,432",$0,2025-05-01,Pending,Christopher Miller,christopher.miller16@dreamhomes.com,212-555-0016,Manhattan Flagship Office,Thomas Ramirez,thomas.ramirez228@gmail.com,917-555-0228,Renter,Buy
343,887 Broadway,Greenwich,CT,06830,Greenwich Harbor,Multi-Family,5,4.2,1424,"$2,084,736","$1,986,928",2025-03-05,Closed,Emily Wilson,emily.wilson30@dreamhomes.com,212-555-0030,Greenwich Gold Coast Office,Nancy Ramirez,nancy.ramirez129@gmail.com,917-555-0129,Seller,Buy
344,717 Grand St,Greenwich,ct,06830,Greenwich Harbor,Condo,1,1.8,1100,"$1,642,300","$1,618,478",2025-04-07,Closed,Donna Perez,donna.perez15@dreamhomes.com,212-555-0015,Greenwich Gold Coast Office,Anthony Jackson,anthony.jackson4@gmail.com,917-555-0004,Renter,Buy
345,778 Grand St,New York,NY,11201,Williamsburg,Single Family,2,1.5,1399,"$1,849,478","$1,861,355",2025-05-22,Closed,Kevin Martinez,kevin.martinez27@dreamhomes.com,212-555-0027,Brooklyn Waterfront Office,Joshua Hernandez,joshua.hernandez105@gmail.com,917-555-0105,Seller,Sell
346,563 5th Ave,Greenwich,CT,06830,Greenwich Harbor,Condo,5,4.2,3925,"$6,170,100","$6,181,403",2025-03-09,Closed,Brian Martin,brian.martin5@dreamhomes.com,212-555-0005,Greenwich Gold Coast Office,Charles Hernandez,charles.hernandez22@gmail.com,917-555-0022,Renter,Sell
347,646 Broadway,Jersey City,NJ,07302,Paulus Hook,Multi-Family,4,3.0,1479,"$1,668,312","$1,690,678",2025-01-13,Closed,Daniel Robinson,daniel.robinson18@dreamhomes.com,212-555-0018,Jersey City Financial Center,Carol Gonzalez,carol.gonzalez12@gmail.com,917-555-0012,Investor,Lease
348,450 Grand St,Greenwich,CT,06830,Greenwich Harbor,Co-op,6,5.5,3775,"$6,073,975","$6,129,188",2025-07-16,Closed,Emily Wilson,emily.wilson30@dreamhomes.com,212-555-0030,Greenwich Gold Coast Office,Andrew Martin,andrew.martin223@gmail.com,917-555-0223,Buyer,Buy
349,923 5th Ave,Greenwich,CT,06830,Greenwich Harbor,Townhouse,1,0.8,2403,"$3,652,560","$3,605,538",2025-07-20,Closed,Jessica Smith,jessica.smith10@dreamhomes.com,212-555-0010,Greenwich Gold Coast Office,Matthew Martinez,matthew.martinez65@gmail.com,917-555-0065,Seller,Lease
350,613 Broadway,Greenwich,CT,06830,Greenwich Harbor,Condo,3,3.2,1384,"$2,120,288","$2,090,692",2025-05-09,Closed,Matthew White,matthew.white20@dreamhomes.com,212-555-0020,Greenwich Gold Coast Office,Donna Robinson,donna.robinson189@gmail.com,917-555-0189,Seller,Sell
351,973 Ocean Ave,New York,NY,11201,Williamsburg,Condo,6,5.5,4149,"$5,829,345","$5,839,721",2025-03-09,Closed,Kevin Martinez,kevin.martinez27@dreamhomes.com,212-555-0027,Brooklyn Waterfront Office,Elizabeth Smith,elizabeth.smith35@gmail.com,917-555-0035,Investor,Lease
352,946 5th Ave,Jersey City,nj,07302,Downtown Jersey City,Townhouse,1,0.8,1541,"$1,636,542",$0,2025-03-02,Active,Mary Ramirez,mary.ramirez28@dreamhomes.com,212-555-0028,Jersey City Financial Center,Brian Lee,brian.lee94@gmail.com,917-555-0094,Buyer,Sell
353,301 Ocean Ave,Hoboken,NJ,07030,Hoboken Waterfront,Townhouse,4,3.5,3414,"$3,980,724","$3,918,292",2025-01-08,Closed,Joseph Lewis,joseph.lewis4@dreamhomes.com,212-555-0004,Hoboken Uptown Office,Christopher Jackson,christopher.jackson104@gmail.com,917-555-0104,Buyer,Lease
354,334 Ocean Ave,New York,NY,10012,Tribeca,Condo,5,3.8,1829,"$4,466,418","$4,563,261",2025-05-28,Closed,Emily Clark,emily.clark1@dreamhomes.com,212-555-0001,Manhattan Flagship Office,Joseph Smith,joseph.smith117@gmail.com,917-555-0117,Buyer,Sell
355,935 Ocean Ave,Greenwich,CT,06830,Greenwich Harbor,Townhouse,3,3.2,1169,"$1,921,836",$0,2025-05-01,Active,Charles Martinez,charles.martinez25@dreamhomes.com,212-555-0025,Greenwich Gold Coast Office,Linda Garcia,linda.garcia265@gmail.com,917-555-0265,Seller,Sell
356,639 Grand St,Jersey City,NJ,07302,Paulus Hook,Co-op,3,3.2,2359,"$2,514,694",$0,2025-04-08,Active,Mary Ramirez,mary.ramirez28@dreamhomes.com,212-555-0028,Jersey City Financial Center,Anthony Johnson,anthony.johnson294@gmail.com,917-555-0294,Renter,Buy
357,983 Ocean Ave,New York,NY,10012,Upper East Side,Single Family,1,1.8,3498,"$6,306,894","$6,023,312",2025-04-14,Closed,Emily Jones,emily.jones26@dreamhomes.com,212-555-0026,Manhattan Flagship Office,James Clark,james.clark343@gmail.com,917-555-0343,Renter,Lease
358,383 Ocean Ave,Hoboken,NJ,07030,Hoboken Waterfront,Multi-Family,5,4.2,3586,"$4,407,194","$4,464,057",2025-01-27,Closed,Joseph Lewis,joseph.lewis4@dreamhomes.com,212-555-0004,Hoboken Uptown Office,David Hernandez,david.hernandez170@gmail.com,917-555-0170,Renter,Lease
359,427 Ocean Ave,Hoboken,NJ,07030,Hoboken Waterfront,Single Family,2,1.5,2274,"$2,578,716","$2,458,645",2025-07-13,Closed,James Clark,james.clark14@dreamhomes.com,212-555-0014,Hoboken Uptown Office,Lisa Robinson,lisa.robinson18@gmail.com,917-555-0018,Seller,Sell
360,271 Park Ave,Jersey City,nj,07302,Paulus Hook,Single Family,5,4.2,2042,"$2,331,964","$2,345,971",2025-04-01,Closed,Nancy Williams,nancy.williams23@dreamhomes.com,212-555-0023,Jersey City Financial Center,Betty Robinson,betty.robinson3@gmail.com,917-555-0003,Investor,Buy
361,190 5th Ave,New York,NY,11201,DUMBO,Co-op,2,1.5,3765,"$6,697,935","$6,717,523",2025-02-10,Closed,Kevin Moore,kevin.moore7@dreamhomes.com,212-555-0007,Brooklyn Waterfront Office,Richard Brown,richard.brown263@gmail.com,917-555-0263,Buyer,Sell
362,149 Grand St,Hoboken,NJ,07030,Hoboken Waterfront,Multi-Family,4,3.5,2707,"$3,389,164","$3,284,728",2025-06-03,Closed,Carol Moore,carol.moore24@dreamhomes.com,212-555-0024,Hoboken Uptown Office,Mark Ramirez,mark.ramirez58@gmail.com,917-555-0058,Seller,Sell
363,604 Broadway,Hoboken,NJ,07030,Hoboken Waterfront,Co-op,1,1.2,957,"$1,158,927","$1,136,631",2025-03-07,Closed,Carol Moore,carol.moore24@dreamhomes.com,212-555-0024,Hoboken Uptown Office,Lisa Williams,lisa.williams157@gmail.com,917-555-0157,Investor,Lease
364,874 Broadway,Hoboken,NJ,07030,Hoboken Waterfront,Single Family,6,5.5,2406,"$3,019,530","$3,092,314",2025-06-08,Closed,Daniel Sanchez,daniel.sanchez19@dreamhomes.com,212-555-0019,Hoboken Uptown Office,Daniel Wilson,daniel.wilson111@gmail.com,917-555-0111,Renter,Buy
365,41 5th Ave,Hoboken,NJ,07030,Hoboken Waterfront,Multi-Family,2,2.5,4030,"$4,561,960",$0,2025-06-27,Active,James Clark,james.clark14@dreamhomes.com,212-555-0014,Hoboken Uptown Office,Joshua Williams,joshua.williams247@gmail.com,917-555-0247,Renter,Buy
366,300 Ocean Ave,Hoboken,NJ,07030,Hoboken Waterfront,Condo,1,0.8,1036,"$1,284,640",$0,2025-03-02,Active,Joseph Lewis,joseph.lewis4@dreamhomes.com,212-555-0004,Hoboken Uptown Office,Joshua Wilson,joshua.wilson64@gmail.com,917-555-0064,Buyer,Sell
367,945 5th Ave,New York,NY,10012,SoHo,Single Family,6,4.5,1804,"$4,504,588",$0,2025-04-19,Active,Kenneth Lee,kenneth.lee21@dreamhomes.com,212-555-0021,Manhattan Flagship Office,Joshua Wilson,joshua.wilson64@gmail.com,917-555-0064,Buyer,Lease
368,598 Broadway,Jersey City,nj,07302,Paulus Hook,Single Family,4,4.0,3784,"$3,670,480","$3,541,981",2025-06-15,Closed,Nancy Williams,nancy.williams23@dreamhomes.com,212-555-0023,Jersey City Financial Center,Kevin Martinez,kevin.martinez79@gmail.com,917-555-0079,Investor,Buy
369,623 Ocean Ave,New York,NY,10012,Tribeca,Single Family,3,2.8,2857,"$6,825,373","$6,836,298",2025-03-07,Closed,Christopher Miller,christopher.miller16@dreamhomes.com,212-555-0016,Manhattan Flagship Office,Karen Williams,karen.williams206@gmail.com,917-555-0206,Renter,Sell
370,387 Washington St,Greenwich,CT,06830,Greenwich Harbor,Condo,5,4.8,2008,"$3,022,040",$0,2025-05-11,Pending,Donna Perez,donna.perez15@dreamhomes.com,212-555-0015,Greenwich Gold Coast Office,Anthony Johnson,anthony.johnson209@gmail.com,917-555-0209,Seller,Sell
371,65 5th Ave,Greenwich,CT,06830,Stamford Downtown,Condo,4,3.0,1287,"$1,057,914","$1,040,779",2025-07-10,Closed,Charles Martinez,charles.martinez25@dreamhomes.com,212-555-0025,Greenwich Gold Coast Office,Carol Thompson,carol.thompson187@gmail.com,917-555-0187,Investor,Buy
372,674 Grand St,New York,NY,10012,Upper East Side,Multi-Family,2,1.5,4106,"$7,862,990","$7,583,059",2025-04-02,Closed,Kenneth Lee,kenneth.lee21@dreamhomes.com,212-555-0021,Manhattan Flagship Office,Donna Miller,donna.miller299@gmail.com,917-555-0299,Renter,Sell
373,317 Park Ave,New York,NY,10012,Upper East Side,Multi-Family,1,1.8,942,"$1,669,224",$0,2025-03-28,Pending,Emily Jones,emily.jones26@dreamhomes.com,212-555-0026,Manhattan Flagship Office,Robert Taylor,robert.taylor280@gmail.com,917-555-0280,Renter,Sell
374,649 Broadway,New York,NY,11201,Williamsburg,Condo,6,5.5,838,"$1,215,100",$0,2025-04-11,Active,Betty Rodriguez,betty.rodriguez17@dreamhomes.com,212-555-0017,Brooklyn Waterfront Office,Daniel White,daniel.white83@gmail.com,917-555-0083,Seller,Lease
375,747 5th Ave,New York,NY,11201,Williamsburg,Condo,6,4.5,1278,"$1,708,686","$1,711,580",2025-07-07,Closed,Robert White,robert.white22@dreamhomes.com,212-555-0022,Brooklyn Waterfront Office,Mary Moore,mary.moore140@gmail.com,917-555-0140,Seller,Lease
376,198 Broadway,Jersey City,nj,07302,Downtown Jersey City,Single Family,3,2.8,2371,"$2,574,906","$2,613,519",2025-03-21,Closed,Mary Ramirez,mary.ramirez28@dreamhomes.com,212-555-0028,Jersey City Financial Center,Kenneth Harris,kenneth.harris335@gmail.com,917-555-0335,Investor,Sell
377,122 Broadway,New York,NY,10012,Tribeca,Multi-Family,4,4.0,1339,"$3,291,262","$3,204,091",2025-05-07,Closed,Melissa Williams,melissa.williams11@dreamhomes.com,212-555-0011,Manhattan Flagship Office,Anthony Rodriguez,anthony.rodriguez119@gmail.com,917-555-0119,Investor,Sell
378,532 5th Ave,Jersey City,NJ,07302,Paulus Hook,Single Family,6,5.0,1769,"$1,724,775","$1,712,168",2025-05-31,Closed,Mary Ramirez,mary.ramirez28@dreamhomes.com,212-555-0028,Jersey City Financial Center,Carol Garcia,carol.garcia307@gmail.com,917-555-0307,Renter,Lease
379,441 Ocean Ave,Jersey City,NJ,07302,Downtown Jersey City,Condo,1,0.8,3374,"$3,920,588","$4,009,155",2025-02-01,Closed,Michael Lewis,michael.lewis3@dreamhomes.com,212-555-0003,Jersey City Financial Center,Carol Thompson,carol.thompson187@gmail.com,917-555-0187,Investor,Lease
380,919 Broadway,Hoboken,NJ,07030,Hoboken Waterfront,Co-op,5,4.2,3143,"$4,004,182",$0,2025-07-13,Pending,Daniel Sanchez,daniel.sanchez19@dreamhomes.com,212-555-0019,Hoboken Uptown Office,David Perez,david.perez62@gmail.com,917-555-0062,Seller,Sell
381,364 Park Ave,New York,NY,11201,DUMBO,Townhouse,6,5.0,858,"$1,435,434","$1,470,688",2025-01-17,Closed,Kenneth Taylor,kenneth.taylor2@dreamhomes.com,212-555-0002,Brooklyn Waterfront Office,William Smith,william.smith216@gmail.com,917-555-0216,Renter,Lease
382,596 Ocean Ave,New York,NY,11201,DUMBO,Single Family,3,2.2,4148,"$7,209,224",$0,2025-01-01,Active,Kevin Martinez,kevin.martinez27@dreamhomes.com,212-555-0027,Brooklyn Waterfront Office,Daniel Moore,daniel.moore76@gmail.com,917-555-0076,Seller,Buy
383,254 Broadway,Greenwich,CT,06830,Stamford Downtown,Townhouse,6,5.0,1906,"$1,448,560","$1,413,101",2025-04-30,Closed,Brian Martin,brian.martin5@dreamhomes.com,212-555-0005,Greenwich Gold Coast Office,William Smith,william.smith216@gmail.com,917-555-0216,Renter,Sell
384,818 Ocean Ave,New York,ny,11201,DUMBO,Single Family,1,1.8,4098,"$6,507,624","$6,348,707",2025-05-01,Closed,Linda Martinez,linda.martinez12@dreamhomes.com,212-555-0012,Brooklyn Waterfront Office,Amanda Martinez,amanda.martinez132@gmail.com,917-555-0132,Seller,Sell
385,622 Washington St,Jersey City,NJ,07302,Downtown Jersey City,Co-op,3,2.8,2750,"$2,816,000",$0,2025-03-08,Active,Donna Harris,donna.harris8@dreamhomes.com,212-555-0008,Jersey City Financial Center,Linda Martin,linda.martin77@gmail.com,917-555-0077,Investor,Sell
386,473 Washington St,New York,NY,11201,DUMBO,Townhouse,1,1.2,3497,"$5,759,559",$0,2025-05-14,Pending,Linda Martinez,linda.martinez12@dreamhomes.com,212-555-0012,Brooklyn Waterfront Office,Elizabeth Thomas,elizabeth.thomas134@gmail.com,917-555-0134,Buyer,Lease
387,139 Ocean Ave,Jersey City,NJ,07302,Paulus Hook,Single Family,4,3.5,2339,"$2,245,440","$2,174,742",2025-07-02,Closed,Nancy Williams,nancy.williams23@dreamhomes.com,212-555-0023,Jersey City Financial Center,Thomas Thompson,thomas.thompson19@gmail.com,917-555-0019,Renter,Lease
388,156 Broadway,New York,NY,10012,SoHo,Townhouse,3,2.2,2512,"$6,171,984","$6,033,737",2025-05-22,Closed,Kenneth Lee,kenneth.lee21@dreamhomes.com,212-555-0021,Manhattan Flagship Office,Richard White,richard.white28@gmail.com,917-555-0028,Renter,Sell
389,47 5th Ave,New York,NY,11201,DUMBO,Townhouse,1,1.2,3513,"$5,810,502","$5,621,199",2025-07-05,Closed,Robert White,robert.white22@dreamhomes.com,212-555-0022,Brooklyn Waterfront Office,Thomas Harris,thomas.harris169@gmail.com,917-555-0169,Seller,Buy
390,990 Park Ave,Hoboken,NJ,07030,Hoboken Waterfront,Co-op,2,2.5,1669,"$1,954,399","$1,956,109",2025-07-14,Closed,Carol Moore,carol.moore24@dreamhomes.com,212-555-0024,Hoboken Uptown Office,Emily Lee,emily.lee73@gmail.com,917-555-0073,Investor,Buy
391,593 Ocean Ave,Greenwich,CT,06830,Stamford Downtown,Condo,2,2.5,1343,"$1,060,970","$1,012,652",2025-06-14,Closed,Matthew White,matthew.white20@dreamhomes.com,212-555-0020,Greenwich Gold Coast Office,David Lee,david.lee321@gmail.com,917-555-0321,Buyer,Lease
392,936 Ocean Ave,Greenwich,ct,06830,Greenwich Harbor,Single Family,4,3.0,2370,"$3,652,170","$3,753,706",2025-02-25,Closed,Donna Perez,donna.perez15@dreamhomes.com,212-555-0015,Greenwich Gold Coast Office,Jennifer Martinez,jennifer.martinez137@gmail.com,917-555-0137,Investor,Lease
393,859 Washington St,New York,NY,10012,Upper East Side,Condo,6,4.5,2748,"$4,899,684","$4,658,748",2025-07-14,Closed,Christopher Miller,christopher.miller16@dreamhomes.com,212-555-0016,Manhattan Flagship Office,Kenneth Lopez,kenneth.lopez346@gmail.com,917-555-0346,Buyer,Sell
394,281 Grand St,New York,NY,10012,SoHo,Townhouse,2,1.5,3336,"$8,126,496","$7,788,563",2025-07-12,Closed,Kenneth Lee,kenneth.lee21@dreamhomes.com,212-555-0021,Manhattan Flagship Office,Karen Thomas,karen.thomas290@gmail.com,917-555-0290,Seller,Buy
395,447 Ocean Ave,New York,NY,10012,SoHo,Townhouse,3,2.8,899,"$2,179,176",$0,2025-05-04,Active,Kenneth Lee,kenneth.lee21@dreamhomes.com,212-555-0021,Manhattan Flagship Office,Andrew Jackson,andrew.jackson38@gmail.com,917-555-0038,Seller,Lease
396,604 Broadway,Jersey City,NJ,07302,Downtown Jersey City,Townhouse,1,1.8,1024,"$1,099,776","$1,116,050",2025-04-24,Closed,Mary Ramirez,mary.ramirez28@dreamhomes.com,212-555-0028,Jersey City Financial Center,Richard White,richard.white150@gmail.com,917-555-0150,Buyer,Buy
397,511 Grand St,New York,NY,11201,Williamsburg,Condo,1,1.8,1128,"$1,641,240",$0,2025-01-24,Active,Kenneth Taylor,kenneth.taylor2@dreamhomes.com,212-555-0002,Brooklyn Waterfront Office,Carol Davis,carol.davis273@gmail.com,917-555-0273,Investor,Lease
398,937 Park Ave,New York,NY,10012,SoHo,Co-op,4,3.5,2050,"$4,866,700","$4,872,153",2025-01-17,Closed,Emily Jones,emily.jones26@dreamhomes.com,212-555-0026,Manhattan Flagship Office,Barbara Moore,barbara.moore121@gmail.com,917-555-0121,Buyer,Lease
399,555 Park Ave,New York,NY,11201,DUMBO,Townhouse,3,2.8,2530,"$4,394,610",$0,2025-02-18,Active,Robert White,robert.white22@dreamhomes.com,212-555-0022,Brooklyn Waterfront Office,William Hernandez,william.hernandez194@gmail.com,917-555-0194,Renter,Buy
400,427 Grand St,Greenwich,ct,06830,Greenwich Harbor,Single Family,2,2.0,2381,"$3,516,737","$3,605,057",2025-06-04,Closed,Matthew White,matthew.white20@dreamhomes.com,212-555-0020,Greenwich Gold Coast Office,Joseph Lee,joseph.lee197@gmail.com,917-555-0197,Buyer,Sell
401,578 Washington St,New York,NY,10012,Upper East Side,Townhouse,1,0.8,3706,"$7,022,870","$6,773,217",2025-04-11,Closed,Christopher Miller,christopher.miller16@dreamhomes.com,212-555-0016,Manhattan Flagship Office,Daniel Robinson,daniel.robinson47@gmail.com,917-555-0047,Buyer,Buy
402,23 Broadway,Greenwich,CT,06830,Stamford Downtown,Multi-Family,6,5.5,2221,"$2,085,519",$0,2025-04-17,Active,Donna Perez,donna.perez15@dreamhomes.com,212-555-0015,Greenwich Gold Coast Office,Richard White,richard.white28@gmail.com,917-555-0028,Renter,Buy
403,191 Grand St,Greenwich,CT,06830,Greenwich Harbor,Single Family,5,4.8,3281,"$5,206,947",$0,2025-05-21,Pending,Jessica Smith,jessica.smith10@dreamhomes.com,212-555-0010,Greenwich Gold Coast Office,Betty Thompson,betty.thompson127@gmail.com,917-555-0127,Investor,Buy
404,134 5th Ave,Greenwich,CT,06830,Stamford Downtown,Co-op,6,5.5,2373,"$2,005,185","$2,004,953",2025-06-27,Closed,Emily Wilson,emily.wilson30@dreamhomes.com,212-555-0030,Greenwich Gold Coast Office,Nancy Ramirez,nancy.ramirez129@gmail.com,917-555-0129,Seller,Sell
405,158 Broadway,Jersey City,NJ,07302,Downtown Jersey City,Multi-Family,6,5.0,3656,"$3,813,208","$3,807,586",2025-01-29,Closed,Michael Lewis,michael.lewis3@dreamhomes.com,212-555-0003,Jersey City Financial Center,John Lee,john.lee136@gmail.com,917-555-0136,Seller,Lease
406,227 Park Ave,Greenwich,CT,06830,Greenwich Harbor,Condo,3,3.2,2658,"$4,252,800","$4,061,102",2025-06-30,Closed,Charles Martinez,charles.martinez25@dreamhomes.com,212-555-0025,Greenwich Gold Coast Office,William Thompson,william.thompson139@gmail.com,917-555-0139,Buyer,Sell
407,785 Grand St,Greenwich,CT,06830,Stamford Downtown,Single Family,6,4.5,1544,"$1,398,864","$1,414,584",2025-03-02,Closed,Donna Perez,donna.perez15@dreamhomes.com,212-555-0015,Greenwich Gold Coast Office,Kenneth Perez,kenneth.perez156@gmail.com,917-555-0156,Buyer,Buy
408,60 5th Ave,New York,ny,11201,DUMBO,Condo,6,4.5,2438,"$3,942,246",$0,2025-03-10,Active,Kevin Martinez,kevin.martinez27@dreamhomes.com,212-555-0027,Brooklyn Waterfront Office,Karen White,karen.white350@gmail.com,917-555-0350,Buyer,Lease
409,308 Washington St,Greenwich,CT,06830,Greenwich Harbor,Multi-Family,6,5.0,3597,"$5,881,095","$5,698,474",2025-03-11,Closed,Charles Martinez,charles.martinez25@dreamhomes.com,212-555-0025,Greenwich Gold Coast Office,Richard Lopez,richard.lopez218@gmail.com,917-555-0218,Investor,Sell
410,745 Ocean Ave,Hoboken,NJ,07030,Hoboken Waterfront,Townhouse,1,1.8,860,"$949,440",$0,2025-04-15,Active,Joseph Lewis,joseph.lewis4@dreamhomes.com,212-555-0004,Hoboken Uptown Office,Lisa Lee,lisa.lee234@gmail.com,917-555-0234,Renter,Lease
411,978 5th Ave,Greenwich,CT,06830,Greenwich Harbor,Condo,5,4.2,3897,"$5,814,324","$5,578,206",2025-04-09,Closed,Emily Wilson,emily.wilson30@dreamhomes.com,212-555-0030,Greenwich Gold Coast Office,Jessica Davis,jessica.davis256@gmail.com,917-555-0256,Renter,Lease
412,900 Washington St,New York,NY,11201,DUMBO,Condo,5,4.2,2882,"$4,576,616",$0,2025-05-24,Pending,Linda Martinez,linda.martinez12@dreamhomes.com,212-555-0012,Brooklyn Waterfront Office,Kenneth Moore,kenneth.moore171@gmail.com,917-555-0171,Investor,Buy
413,840 Grand St,Hoboken,NJ,07030,Hoboken Waterfront,Condo,5,3.8,1965,"$2,297,085","$2,318,627",2025-03-16,Closed,Amanda Anderson,amanda.anderson9@dreamhomes.com,212-555-0009,Hoboken Uptown Office,Brian Taylor,brian.taylor288@gmail.com,917-555-0288,Buyer,Sell
414,799 Broadway,New York,NY,10012,Upper East Side,Condo,5,4.2,1409,"$2,744,732","$2,806,895",2025-03-03,Closed,Emily Clark,emily.clark1@dreamhomes.com,212-555-0001,Manhattan Flagship Office,Nancy Moore,nancy.moore145@gmail.com,917-555-0145,Investor,Sell
415,572 Ocean Ave,Greenwich,CT,06830,Stamford Downtown,Multi-Family,2,1.5,3628,"$2,793,560","$2,851,769",2025-04-25,Closed,Brian Martin,brian.martin5@dreamhomes.com,212-555-0005,Greenwich Gold Coast Office,Joseph Ramirez,joseph.ramirez175@gmail.com,917-555-0175,Investor,Lease
416,14 Broadway,New York,ny,11201,Williamsburg,Co-op,5,4.2,2775,"$3,724,050","$3,670,149",2025-02-02,Closed,Robert White,robert.white22@dreamhomes.com,212-555-0022,Brooklyn Waterfront Office,Matthew Smith,matthew.smith44@gmail.com,917-555-0044,Buyer,Sell
417,489 Ocean Ave,New York,NY,11201,DUMBO,Multi-Family,2,1.5,1172,"$2,028,732","$1,963,477",2025-01-11,Closed,Kevin Moore,kevin.moore7@dreamhomes.com,212-555-0007,Brooklyn Waterfront Office,Lisa Williams,lisa.williams157@gmail.com,917-555-0157,Investor,Sell
418,772 Ocean Ave,Jersey City,NJ,07302,Downtown Jersey City,Townhouse,1,0.8,4196,"$4,959,672","$4,959,493",2025-02-04,Closed,Donna Harris,donna.harris8@dreamhomes.com,212-555-0008,Jersey City Financial Center,Barbara Smith,barbara.smith192@gmail.com,917-555-0192,Investor,Sell
419,533 5th Ave,Greenwich,CT,06830,Stamford Downtown,Multi-Family,4,3.5,1691,"$1,373,092","$1,365,424",2025-04-08,Closed,Matthew White,matthew.white20@dreamhomes.com,212-555-0020,Greenwich Gold Coast Office,Mark Ramirez,mark.ramirez58@gmail.com,917-555-0058,Seller,Buy
420,50 Ocean Ave,Hoboken,NJ,07030,Hoboken Waterfront,Single Family,6,4.5,1841,"$2,280,999","$2,190,143",2025-02-02,Closed,James Clark,james.clark14@dreamhomes.com,212-555-0014,Hoboken Uptown Office,Carol Thompson,carol.thompson193@gmail.com,917-555-0193,Investor,Buy
421,862 Broadway,New York,NY,10012,Tribeca,Co-op,5,4.8,2103,"$4,958,874",$0,2025-05-07,Pending,Emily Clark,emily.clark1@dreamhomes.com,212-555-0001,Manhattan Flagship Office,Sandra Rodriguez,sandra.rodriguez179@gmail.com,917-555-0179,Investor,Sell
422,204 Broadway,Hoboken,NJ,07030,Hoboken Waterfront,Multi-Family,2,1.5,1499,"$1,944,203","$1,943,802",2025-05-12,Closed,Daniel Sanchez,daniel.sanchez19@dreamhomes.com,212-555-0019,Hoboken Uptown Office,Susan Sanchez,susan.sanchez199@gmail.com,917-555-0199,Renter,Lease
423,866 Broadway,Jersey City,NJ,07302,Paulus Hook,Condo,2,1.5,3841,"$4,275,033","$4,365,380",2025-03-01,Closed,Michael Lewis,michael.lewis3@dreamhomes.com,212-555-0003,Jersey City Financial Center,David Brown,david.brown82@gmail.com,917-555-0082,Buyer,Sell
424,774 Grand St,New York,ny,11201,DUMBO,Co-op,4,3.0,3028,"$5,141,544","$5,061,212",2025-03-02,Closed,Kenneth Taylor,kenneth.taylor2@dreamhomes.com,212-555-0002,Brooklyn Waterfront Office,Kenneth Moore,kenneth.moore171@gmail.com,917-555-0171,Investor,Lease
425,752 Ocean Ave,Jersey City,NJ,07302,Downtown Jersey City,Townhouse,2,2.0,2544,"$2,645,760","$2,522,681",2025-06-10,Closed,Nancy Williams,nancy.williams23@dreamhomes.com,212-555-0023,Jersey City Financial Center,David Lee,david.lee321@gmail.com,917-555-0321,Buyer,Sell
426,245 Grand St,New York,NY,11201,DUMBO,Townhouse,1,0.8,1933,"$3,349,889","$3,245,464",2025-01-28,Closed,Kevin Martinez,kevin.martinez27@dreamhomes.com,212-555-0027,Brooklyn Waterfront Office,Carol Sanchez,carol.sanchez13@gmail.com,917-555-0013,Renter,Lease
427,519 5th Ave,Greenwich,CT,06830,Stamford Downtown,Townhouse,3,2.8,2350,"$2,016,300","$2,050,360",2025-04-25,Closed,Jessica Smith,jessica.smith10@dreamhomes.com,212-555-0010,Greenwich Gold Coast Office,Kenneth Brown,kenneth.brown143@gmail.com,917-555-0143,Buyer,Sell
428,47 Ocean Ave,New York,NY,11201,Williamsburg,Condo,1,1.8,2726,"$4,020,850","$3,948,095",2025-04-23,Closed,Kenneth Taylor,kenneth.taylor2@dreamhomes.com,212-555-0002,Brooklyn Waterfront Office,Thomas Sanchez,thomas.sanchez116@gmail.com,917-555-0116,Seller,Sell
429,808 Washington St,New York,NY,10012,Tribeca,Single Family,5,4.2,1837,"$4,541,064",$0,2025-07-09,Pending,Emily Jones,emily.jones26@dreamhomes.com,212-555-0026,Manhattan Flagship Office,Elizabeth Anderson,elizabeth.anderson29@gmail.com,917-555-0029,Buyer,Sell
430,962 Grand St,New York,NY,11201,Williamsburg,Co-op,5,4.2,1314,"$1,783,098",$0,2025-03-25,Active,Betty Rodriguez,betty.rodriguez17@dreamhomes.com,212-555-0017,Brooklyn Waterfront Office,Robert Moore,robert.moore55@gmail.com,917-555-0055,Renter,Lease
431,693 Washington St,Hoboken,NJ,07030,Hoboken Waterfront,Townhouse,1,0.8,1695,"$1,991,625","$1,915,384",2025-05-22,Closed,Carol Moore,carol.moore24@dreamhomes.com,212-555-0024,Hoboken Uptown Office,Betty Wilson,betty.wilson14@gmail.com,917-555-0014,Seller,Buy
432,903 Washington St,Greenwich,ct,06830,Stamford Downtown,Townhouse,6,4.5,981,"$880,938","$875,196",2025-05-20,Closed,Donna Perez,donna.perez15@dreamhomes.com,212-555-0015,Greenwich Gold Coast Office,Anthony Ramirez,anthony.ramirez221@gmail.com,917-555-0221,Buyer,Buy
433,140 Washington St,Hoboken,NJ,07030,Hoboken Waterfront,Co-op,6,5.5,3981,"$4,709,523","$4,547,906",2025-06-24,Closed,Amanda Anderson,amanda.anderson9@dreamhomes.com,212-555-0009,Hoboken Uptown Office,Andrew Ramirez,andrew.ramirez340@gmail.com,917-555-0340,Seller,Sell
434,500 Broadway,Jersey City,NJ,07302,Paulus Hook,Townhouse,2,1.5,4130,"$4,543,000",$0,2025-05-28,Active,Nancy Williams,nancy.williams23@dreamhomes.com,212-555-0023,Jersey City Financial Center,Sarah Martinez,sarah.martinez268@gmail.com,917-555-0268,Investor,Buy
435,941 Broadway,Greenwich,CT,06830,Stamford Downtown,Multi-Family,1,1.2,4050,"$3,559,950",$0,2025-05-05,Active,Donna Perez,donna.perez15@dreamhomes.com,212-555-0015,Greenwich Gold Coast Office,Michelle Brown,michelle.brown305@gmail.com,917-555-0305,Investor,Lease
436,333 Broadway,New York,NY,10012,SoHo,Co-op,1,1.2,1719,"$4,245,930","$4,063,473",2025-03-13,Closed,Melissa Williams,melissa.williams11@dreamhomes.com,212-555-0011,Manhattan Flagship Office,Matthew Rodriguez,matthew.rodriguez162@gmail.com,917-555-0162,Investor,Buy
437,978 Broadway,Jersey City,NJ,07302,Downtown Jersey City,Townhouse,5,4.2,1920,"$1,968,000","$1,877,275",2025-01-18,Closed,Michael Anderson,michael.anderson13@dreamhomes.com,212-555-0013,Jersey City Financial Center,Mary Lopez,mary.lopez75@gmail.com,917-555-0075,Seller,Buy
438,836 Park Ave,Jersey City,NJ,07302,Paulus Hook,Single Family,3,2.2,2414,"$2,537,114","$2,512,108",2025-01-06,Closed,Donna Harris,donna.harris8@dreamhomes.com,212-555-0008,Jersey City Financial Center,Charles Martin,charles.martin323@gmail.com,917-555-0323,Buyer,Lease
439,503 5th Ave,Jersey City,NJ,07302,Downtown Jersey City,Single Family,1,0.8,2768,"$3,249,632","$3,308,888",2025-04-05,Closed,Michael Lewis,michael.lewis3@dreamhomes.com,212-555-0003,Jersey City Financial Center,Elizabeth Taylor,elizabeth.taylor43@gmail.com,917-555-0043,Seller,Buy
440,196 Washington St,New York,ny,11201,Williamsburg,Multi-Family,2,1.5,2586,"$3,638,502",$0,2025-04-14,Active,Kevin Martinez,kevin.martinez27@dreamhomes.com,212-555-0027,Brooklyn Waterfront Office,David Perez,david.perez62@gmail.com,917-555-0062,Seller,Sell
441,810 5th Ave,Greenwich,CT,06830,Stamford Downtown,Single Family,1,1.2,1576,"$1,435,736","$1,451,867",2025-01-17,Closed,Donna Perez,donna.perez15@dreamhomes.com,212-555-0015,Greenwich Gold Coast Office,David Hernandez,david.hernandez170@gmail.com,917-555-0170,Renter,Buy
442,621 Broadway,Greenwich,CT,06830,Greenwich Harbor,Townhouse,3,2.8,2687,"$4,172,911",$0,2025-04-05,Pending,Brian Martin,brian.martin5@dreamhomes.com,212-555-0005,Greenwich Gold Coast Office,Andrew Jackson,andrew.jackson38@gmail.com,917-555-0038,Seller,Lease
443,808 5th Ave,New York,NY,10012,Upper East Side,Co-op,4,3.0,3677,"$7,052,486","$6,996,407",2025-02-16,Closed,Carol Wilson,carol.wilson6@dreamhomes.com,212-555-0006,Manhattan Flagship Office,Kenneth Ramirez,kenneth.ramirez293@gmail.com,917-555-0293,Investor,Lease
444,945 Ocean Ave,New York,NY,10012,Upper East Side,Townhouse,4,3.5,1729,"$3,371,550","$3,372,440",2025-03-10,Closed,Emily Jones,emily.jones26@dreamhomes.com,212-555-0026,Manhattan Flagship Office,Sarah Hernandez,sarah.hernandez198@gmail.com,917-555-0198,Buyer,Lease
445,238 Broadway,New York,NY,10012,Upper East Side,Condo,4,3.0,2034,"$3,838,158","$3,924,104",2025-07-20,Closed,Emily Jones,emily.jones26@dreamhomes.com,212-555-0026,Manhattan Flagship Office,William Lee,william.lee60@gmail.com,917-555-0060,Seller,Lease
446,853 Grand St,New York,NY,10012,Upper East Side,Condo,6,5.5,3978,"$7,633,782",$0,2025-06-12,Pending,Emily Clark,emily.clark1@dreamhomes.com,212-555-0001,Manhattan Flagship Office,Andrew Robinson,andrew.robinson324@gmail.com,917-555-0324,Investor,Sell
447,982 Broadway,Hoboken,NJ,07030,Hoboken Waterfront,Townhouse,6,5.5,1491,"$1,929,354",$0,2025-03-19,Pending,James Clark,james.clark14@dreamhomes.com,212-555-0014,Hoboken Uptown Office,Sarah Martinez,sarah.martinez185@gmail.com,917-555-0185,Renter,Sell
448,638 Washington St,New York,ny,10012,Upper East Side,Multi-Family,3,2.8,2331,"$4,107,222","$4,037,945",2025-03-12,Closed,Kenneth Lee,kenneth.lee21@dreamhomes.com,212-555-0021,Manhattan Flagship Office,Joshua Lee,joshua.lee182@gmail.com,917-555-0182,Investor,Lease
449,162 Grand St,New York,NY,11201,Williamsburg,Co-op,3,3.2,1922,"$2,827,262","$2,887,177",2025-02-25,Closed,Kevin Moore,kevin.moore7@dreamhomes.com,212-555-0007,Brooklyn Waterfront Office,Michelle Lewis,michelle.lewis61@gmail.com,917-555-0061,Seller,Buy
450,31 Broadway,Hoboken,NJ,07030,Hoboken Waterfront,Co-op,1,1.2,3630,"$4,105,530","$4,018,329",2025-02-16,Closed,James Clark,james.clark14@dreamhomes.com,212-555-0014,Hoboken Uptown Office,Christopher Harris,christopher.harris93@gmail.com,917-555-0093,Renter,Sell
451,506 5th Ave,New York,NY,10012,Upper East Side,Single Family,2,2.5,2402,"$4,285,168","$4,138,753",2025-03-17,Closed,Emily Jones,emily.jones26@dreamhomes.com,212-555-0026,Manhattan Flagship Office,Mark Ramirez,mark.ramirez58@gmail.com,917-555-0058,Seller,Sell
452,866 5th Ave,Jersey City,NJ,07302,Downtown Jersey City,Townhouse,2,2.0,2627,"$2,942,240",$0,2025-01-31,Active,Donna Harris,donna.harris8@dreamhomes.com,212-555-0008,Jersey City Financial Center,Joseph Ramirez,joseph.ramirez175@gmail.com,917-555-0175,Investor,Buy
453,522 5th Ave,New York,NY,10012,Tribeca,Multi-Family,4,3.0,1745,"$4,276,995","$4,393,476",2025-02-11,Closed,Carol Wilson,carol.wilson6@dreamhomes.com,212-555-0006,Manhattan Flagship Office,Mark Brown,mark.brown70@gmail.com,917-555-0070,Investor,Sell
454,111 Park Ave,New York,NY,10012,Tribeca,Townhouse,1,0.8,3333,"$8,245,842",$0,2025-04-28,Pending,Kenneth Lee,kenneth.lee21@dreamhomes.com,212-555-0021,Manhattan Flagship Office,Kenneth Ramirez,kenneth.ramirez293@gmail.com,917-555-0293,Investor,Sell
455,18 5th Ave,Hoboken,NJ,07030,Hoboken Waterfront,Condo,4,4.0,1834,"$2,074,254","$2,023,448",2025-02-09,Closed,Daniel Sanchez,daniel.sanchez19@dreamhomes.com,212-555-0019,Hoboken Uptown Office,Andrew Ramirez,andrew.ramirez340@gmail.com,917-555-0340,Seller,Buy
456,193 5th Ave,New York,ny,11201,Williamsburg,Condo,6,4.5,1688,"$2,376,704",$0,2025-07-19,Active,Kevin Martinez,kevin.martinez27@dreamhomes.com,212-555-0027,Brooklyn Waterfront Office,Kevin Brown,kevin.brown281@gmail.com,917-555-0281,Renter,Lease
457,657 Grand St,New York,NY,10012,SoHo,Multi-Family,5,3.8,3486,"$8,470,980","$8,531,181",2025-02-24,Closed,Emily Jones,emily.jones26@dreamhomes.com,212-555-0026,Manhattan Flagship Office,Carol Harris,carol.harris184@gmail.com,917-555-0184,Buyer,Buy
458,159 Ocean Ave,Jersey City,NJ,07302,Downtown Jersey City,Single Family,2,2.5,1433,"$1,567,702","$1,605,528",2025-04-22,Closed,Daniel Robinson,daniel.robinson18@dreamhomes.com,212-555-0018,Jersey City Financial Center,Donna Robinson,donna.robinson189@gmail.com,917-555-0189,Seller,Buy
459,371 Park Ave,Greenwich,CT,06830,Greenwich Harbor,Condo,3,2.8,1413,"$2,174,607","$2,111,455",2025-06-15,Closed,Emily Wilson,emily.wilson30@dreamhomes.com,212-555-0030,Greenwich Gold Coast Office,Kevin Brown,kevin.brown281@gmail.com,917-555-0281,Renter,Lease
460,892 Ocean Ave,Hoboken,NJ,07030,Hoboken Waterfront,Single Family,5,4.2,1996,"$2,502,984","$2,531,370",2025-01-19,Closed,Daniel Sanchez,daniel.sanchez19@dreamhomes.com,212-555-0019,Hoboken Uptown Office,Andrew Jackson,andrew.jackson38@gmail.com,917-555-0038,Seller,Lease
461,672 5th Ave,Greenwich,CT,06830,Stamford Downtown,Co-op,3,2.2,2139,"$1,796,760",$0,2025-05-21,Pending,Donna Perez,donna.perez15@dreamhomes.com,212-555-0015,Greenwich Gold Coast Office,Carol Harris,carol.harris184@gmail.com,917-555-0184,Buyer,Sell
462,340 Grand St,Jersey City,NJ,07302,Paulus Hook,Condo,4,3.0,2935,"$3,316,550","$3,167,157",2025-02-14,Closed,Mary Ramirez,mary.ramirez28@dreamhomes.com,212-555-0028,Jersey City Financial Center,Thomas Thompson,thomas.thompson19@gmail.com,917-555-0019,Renter,Buy
463,248 Park Ave,Hoboken,NJ,07030,Hoboken Waterfront,Co-op,5,4.8,3589,"$4,636,988","$4,748,914",2025-02-25,Closed,Amanda Anderson,amanda.anderson9@dreamhomes.com,212-555-0009,Hoboken Uptown Office,Lisa Williams,lisa.williams157@gmail.com,917-555-0157,Investor,Lease
464,565 Ocean Ave,Jersey City,nj,07302,Paulus Hook,Co-op,4,3.5,924,"$1,029,336","$1,046,812",2025-01-26,Closed,Daniel Robinson,daniel.robinson18@dreamhomes.com,212-555-0018,Jersey City Financial Center,Elizabeth Anderson,elizabeth.anderson29@gmail.com,917-555-0029,Buyer,Lease
465,666 5th Ave,Jersey City,NJ,07302,Paulus Hook,Single Family,4,3.0,4141,"$4,165,846","$4,051,178",2025-05-28,Closed,Michael Anderson,michael.anderson13@dreamhomes.com,212-555-0013,Jersey City Financial Center,Jennifer Gonzalez,jennifer.gonzalez1@gmail.com,917-555-0001,Renter,Sell
466,463 Washington St,Jersey City,NJ,07302,Downtown Jersey City,Single Family,3,2.2,803,"$904,981","$894,342",2025-06-08,Closed,Donna Harris,donna.harris8@dreamhomes.com,212-555-0008,Jersey City Financial Center,Daniel Garcia,daniel.garcia66@gmail.com,917-555-0066,Investor,Lease
467,741 Broadway,New York,NY,11201,Williamsburg,Single Family,6,5.5,2284,"$3,334,640",$0,2025-03-08,Active,Linda Martinez,linda.martinez12@dreamhomes.com,212-555-0012,Brooklyn Waterfront Office,William Hernandez,william.hernandez194@gmail.com,917-555-0194,Renter,Sell
468,80 Grand St,Jersey City,NJ,07302,Downtown Jersey City,Condo,4,3.5,1116,"$1,133,856",$0,2025-06-14,Pending,Donna Harris,donna.harris8@dreamhomes.com,212-555-0008,Jersey City Financial Center,David Perez,david.perez62@gmail.com,917-555-0062,Seller,Lease
469,123 Washington St,Greenwich,CT,06830,Stamford Downtown,Co-op,5,4.8,2013,"$1,819,752","$1,802,055",2025-01-24,Closed,Brian Martin,brian.martin5@dreamhomes.com,212-555-0005,Greenwich Gold Coast Office,Elizabeth Thompson,elizabeth.thompson249@gmail.com,917-555-0249,Buyer,Lease
470,337 Washington St,New York,NY,11201,Williamsburg,Condo,6,5.0,4036,"$5,844,128","$5,808,727",2025-04-19,Closed,Robert White,robert.white22@dreamhomes.com,212-555-0022,Brooklyn Waterfront Office,Barbara Moore,barbara.moore121@gmail.com,917-555-0121,Buyer,Lease
471,198 Grand St,New York,NY,11201,DUMBO,Single Family,3,2.2,2757,"$4,637,274","$4,659,359",2025-01-06,Closed,Kevin Moore,kevin.moore7@dreamhomes.com,212-555-0007,Brooklyn Waterfront Office,Barbara Perez,barbara.perez243@gmail.com,917-555-0243,Seller,Lease
472,171 Grand St,Hoboken,nj,07030,Hoboken Waterfront,Condo,6,5.5,4133,"$4,781,881","$4,761,901",2025-03-01,Closed,Lisa Lopez,lisa.lopez29@dreamhomes.com,212-555-0029,Hoboken Uptown Office,Lisa Williams,lisa.williams313@gmail.com,917-555-0313,Investor,Lease
473,757 Ocean Ave,New York,NY,11201,DUMBO,Multi-Family,1,0.8,3091,"$4,905,417",$0,2025-01-19,Active,Robert White,robert.white22@dreamhomes.com,212-555-0022,Brooklyn Waterfront Office,Barbara Jones,barbara.jones239@gmail.com,917-555-0239,Investor,Sell
474,801 Grand St,Hoboken,NJ,07030,Hoboken Waterfront,Co-op,4,3.0,2907,"$3,543,633","$3,406,472",2025-03-28,Closed,Daniel Sanchez,daniel.sanchez19@dreamhomes.com,212-555-0019,Hoboken Uptown Office,Patricia Clark,patricia.clark46@gmail.com,917-555-0046,Investor,Lease
475,857 Grand St,Hoboken,NJ,07030,Hoboken Waterfront,Co-op,2,2.0,1589,"$1,957,648","$1,877,094",2025-05-29,Closed,Lisa Lopez,lisa.lopez29@dreamhomes.com,212-555-0029,Hoboken Uptown Office,Matthew Smith,matthew.smith44@gmail.com,917-555-0044,Buyer,Buy
476,430 5th Ave,Greenwich,CT,06830,Greenwich Harbor,Single Family,5,3.8,1574,"$2,368,870",$0,2025-04-27,Pending,Jessica Smith,jessica.smith10@dreamhomes.com,212-555-0010,Greenwich Gold Coast Office,Lisa Williams,lisa.williams313@gmail.com,917-555-0313,Investor,Sell
477,999 5th Ave,Hoboken,NJ,07030,Hoboken Waterfront,Single Family,1,1.2,2425,"$3,045,800","$3,019,505",2025-02-21,Closed,James Clark,james.clark14@dreamhomes.com,212-555-0014,Hoboken Uptown Office,James Clark,james.clark343@gmail.com,917-555-0343,Renter,Sell
478,108 Washington St,Greenwich,CT,06830,Greenwich Harbor,Multi-Family,1,1.8,2895,"$4,556,730",$0,2025-06-06,Active,Brian Martin,brian.martin5@dreamhomes.com,212-555-0005,Greenwich Gold Coast Office,Kenneth Wilson,kenneth.wilson42@gmail.com,917-555-0042,Renter,Buy
479,913 5th Ave,Hoboken,NJ,07030,Hoboken Waterfront,Single Family,4,4.0,3267,"$3,828,924","$3,666,060",2025-07-17,Closed,Daniel Sanchez,daniel.sanchez19@dreamhomes.com,212-555-0019,Hoboken Uptown Office,William Thompson,william.thompson139@gmail.com,917-555-0139,Buyer,Sell
480,33 Broadway,New York,ny,11201,DUMBO,Townhouse,2,2.0,3129,"$5,431,944","$5,449,178",2025-01-15,Closed,Robert White,robert.white22@dreamhomes.com,212-555-0022,Brooklyn Waterfront Office,Karen Williams,karen.williams206@gmail.com,917-555-0206,Renter,Sell
481,383 Broadway,Jersey City,NJ,07302,Paulus Hook,Condo,3,3.2,1838,"$1,841,676","$1,857,283",2025-05-21,Closed,Daniel Robinson,daniel.robinson18@dreamhomes.com,212-555-0018,Jersey City Financial Center,Patricia Martinez,patricia.martinez320@gmail.com,917-555-0320,Buyer,Lease
482,774 5th Ave,Hoboken,NJ,07030,Hoboken Waterfront,Single Family,3,2.8,2742,"$3,468,630","$3,425,171",2025-03-04,Closed,Carol Moore,carol.moore24@dreamhomes.com,212-555-0024,Hoboken Uptown Office,Amanda Lopez,amanda.lopez166@gmail.com,917-555-0166,Buyer,Lease
483,92 Park Ave,Hoboken,NJ,07030,Hoboken Waterfront,Single Family,2,2.0,2063,"$2,667,459","$2,663,849",2025-03-24,Closed,Carol Moore,carol.moore24@dreamhomes.com,212-555-0024,Hoboken Uptown Office,John Miller,john.miller56@gmail.com,917-555-0056,Seller,Lease
484,826 Ocean Ave,New York,NY,10012,Upper East Side,Townhouse,1,1.2,1458,"$2,832,894","$2,749,264",2025-02-04,Closed,Christopher Miller,christopher.miller16@dreamhomes.com,212-555-0016,Manhattan Flagship Office,Elizabeth Martin,elizabeth.martin236@gmail.com,917-555-0236,Seller,Sell
485,621 Broadway,Jersey City,NJ,07302,Downtown Jersey City,Single Family,3,2.2,3938,"$4,512,948","$4,588,061",2025-01-24,Closed,Nancy Williams,nancy.williams23@dreamhomes.com,212-555-0023,Jersey City Financial Center,Matthew Martinez,matthew.martinez65@gmail.com,917-555-0065,Seller,Buy
486,118 Broadway,Hoboken,NJ,07030,Hoboken Waterfront,Townhouse,3,3.2,3487,"$4,526,126","$4,437,282",2025-06-21,Closed,Joseph Lewis,joseph.lewis4@dreamhomes.com,212-555-0004,Hoboken Uptown Office,Mary Moore,mary.moore140@gmail.com,917-555-0140,Seller,Lease
487,221 Park Ave,Greenwich,CT,06830,Greenwich Harbor,Single Family,3,2.8,2792,"$4,394,608",$0,2025-05-18,Active,Brian Martin,brian.martin5@dreamhomes.com,212-555-0005,Greenwich Gold Coast Office,Barbara Smith,barbara.smith192@gmail.com,917-555-0192,Investor,Sell
488,180 Ocean Ave,Jersey City,nj,07302,Downtown Jersey City,Single Family,3,3.2,1083,"$1,261,695","$1,220,210",2025-04-13,Closed,Daniel Robinson,daniel.robinson18@dreamhomes.com,212-555-0018,Jersey City Financial Center,Elizabeth Thomas,elizabeth.thomas134@gmail.com,917-555-0134,Buyer,Sell
489,131 Washington St,Hoboken,NJ,07030,Hoboken Waterfront,Townhouse,4,3.0,3490,"$4,442,770","$4,504,621",2025-07-07,Closed,James Clark,james.clark14@dreamhomes.com,212-555-0014,Hoboken Uptown Office,Emily Lee,emily.lee73@gmail.com,917-555-0073,Investor,Sell
490,280 5th Ave,Jersey City,NJ,07302,Downtown Jersey City,Multi-Family,1,1.2,3890,"$3,913,340","$3,739,333",2025-05-30,Closed,Michael Lewis,michael.lewis3@dreamhomes.com,212-555-0003,Jersey City Financial Center,Sarah Moore,sarah.moore118@gmail.com,917-555-0118,Renter,Buy
491,971 Park Ave,Jersey City,NJ,07302,Downtown Jersey City,Co-op,3,2.2,4074,"$4,497,696","$4,432,256",2025-06-22,Closed,Daniel Robinson,daniel.robinson18@dreamhomes.com,212-555-0018,Jersey City Financial Center,Carol Martin,carol.martin261@gmail.com,917-555-0261,Renter,Buy
492,502 Ocean Ave,New York,NY,11201,DUMBO,Multi-Family,5,3.8,1916,"$3,303,184","$3,155,774",2025-02-02,Closed,Kevin Martinez,kevin.martinez27@dreamhomes.com,212-555-0027,Brooklyn Waterfront Office,Andrew Thompson,andrew.thompson59@gmail.com,917-555-0059,Buyer,Buy
493,188 Broadway,New York,NY,10012,SoHo,Condo,1,1.2,1584,"$3,744,576","$3,643,755",2025-02-11,Closed,Carol Wilson,carol.wilson6@dreamhomes.com,212-555-0006,Manhattan Flagship Office,Emily Lee,emily.lee73@gmail.com,917-555-0073,Investor,Buy
494,898 Grand St,Hoboken,NJ,07030,Hoboken Waterfront,Multi-Family,3,2.2,2432,"$2,952,448","$2,915,448",2025-02-23,Closed,James Clark,james.clark14@dreamhomes.com,212-555-0014,Hoboken Uptown Office,Lisa Rodriguez,lisa.rodriguez217@gmail.com,917-555-0217,Renter,Buy
495,109 5th Ave,New York,NY,10012,Tribeca,Townhouse,1,0.8,4142,"$10,147,900","$10,421,735",2025-07-01,Closed,Melissa Williams,melissa.williams11@dreamhomes.com,212-555-0011,Manhattan Flagship Office,John Miller,john.miller56@gmail.com,917-555-0056,Seller,Sell
496,113 Broadway,Hoboken,nj,07030,Hoboken Waterfront,Condo,2,2.0,1446,"$1,862,448","$1,841,314",2025-01-17,Closed,Lisa Lopez,lisa.lopez29@dreamhomes.com,212-555-0029,Hoboken Uptown Office,Jennifer Martinez,jennifer.martinez137@gmail.com,917-555-0137,Investor,Lease
497,689 Washington St,New York,NY,11201,DUMBO,Condo,6,5.0,3260,"$5,496,360","$5,369,063",2025-06-28,Closed,Betty Rodriguez,betty.rodriguez17@dreamhomes.com,212-555-0017,Brooklyn Waterfront Office,Karen Williams,karen.williams206@gmail.com,917-555-0206,Renter,Lease
498,265 5th Ave,New York,NY,10012,Upper East Side,Single Family,1,1.8,1382,"$2,453,050",$0,2025-02-17,Active,Melissa Williams,melissa.williams11@dreamhomes.com,212-555-0011,Manhattan Flagship Office,Michael Robinson,michael.robinson229@gmail.com,917-555-0229,Seller,Lease
499,868 Washington St,Hoboken,NJ,07030,Hoboken Waterfront,Townhouse,1,1.8,1045,"$1,168,310","$1,160,507",2025-03-16,Closed,Joseph Lewis,joseph.lewis4@dreamhomes.com,212-555-0004,Hoboken Uptown Office,Susan Lopez,susan.lopez257@gmail.com,917-555-0257,Seller,Buy
500,450 Grand St,Jersey City,NJ,07302,Paulus Hook,Single Family,6,4.5,1754,"$2,013,592",$0,2025-06-23,Pending,Donna Harris,donna.harris8@dreamhomes.com,212-555-0008,Jersey City Financial Center,Kenneth Perez,kenneth.perez156@gmail.com,917-555-0156,Buyer,Buy
501,280 Ocean Ave,New York,NY,11201,Williamsburg,Townhouse,5,3.8,1165,"$1,592,555",$0,2025-03-03,Pending,Robert White,robert.white22@dreamhomes.com,212-555-0022,Brooklyn Waterfront Office,Brian Lewis,brian.lewis39@gmail.com,917-555-0039,Investor,Lease
502,140 Broadway,Hoboken,NJ,07030,Hoboken Waterfront,Single Family,1,0.8,842,"$1,082,812",$0,2025-03-31,Pending,Amanda Anderson,amanda.anderson9@dreamhomes.com,212-555-0009,Hoboken Uptown Office,Joseph Smith,joseph.smith117@gmail.com,917-555-0117,Buyer,Sell
503,660 5th Ave,Greenwich,CT,06830,Stamford Downtown,Multi-Family,4,4.0,3438,"$2,929,176","$2,914,492",2025-01-30,Closed,Matthew White,matthew.white20@dreamhomes.com,212-555-0020,Greenwich Gold Coast Office,Anthony Jackson,anthony.jackson4@gmail.com,917-555-0004,Renter,Sell
504,562 Grand St,Jersey City,nj,07302,Downtown Jersey City,Condo,6,5.5,929,"$1,024,687",$0,2025-01-17,Active,Michael Anderson,michael.anderson13@dreamhomes.com,212-555-0013,Jersey City Financial Center,William Lee,william.lee120@gmail.com,917-555-0120,Buyer,Lease
505,708 Grand St,New York,NY,11201,Williamsburg,Single Family,5,4.2,2532,"$3,344,772","$3,413,133",2025-02-01,Closed,Kevin Martinez,kevin.martinez27@dreamhomes.com,212-555-0027,Brooklyn Waterfront Office,Donna Anderson,donna.anderson51@gmail.com,917-555-0051,Seller,Sell
506,516 Ocean Ave,New York,NY,10012,Upper East Side,Single Family,5,4.8,1626,"$2,868,264",$0,2025-04-19,Active,Emily Jones,emily.jones26@dreamhomes.com,212-555-0026,Manhattan Flagship Office,Brian Lee,brian.lee151@gmail.com,917-555-0151,Renter,Buy
507,940 Grand St,Jersey City,NJ,07302,Downtown Jersey City,Condo,6,5.0,2818,"$3,189,976",$0,2025-04-13,Active,Michael Lewis,michael.lewis3@dreamhomes.com,212-555-0003,Jersey City Financial Center,David Brown,david.brown82@gmail.com,917-555-0082,Buyer,Buy
508,517 Grand St,New York,NY,10012,SoHo,Single Family,2,1.5,3499,"$8,446,586","$8,278,580",2025-03-01,Closed,Carol Wilson,carol.wilson6@dreamhomes.com,212-555-0006,Manhattan Flagship Office,Mark Moore,mark.moore316@gmail.com,917-555-0316,Buyer,Lease
509,899 Grand St,Greenwich,CT,06830,Stamford Downtown,Single Family,1,1.2,816,"$656,880","$645,931",2025-01-22,Closed,Brian Martin,brian.martin5@dreamhomes.com,212-555-0005,Greenwich Gold Coast Office,Brian Lee,brian.lee94@gmail.com,917-555-0094,Buyer,Sell
510,370 Grand St,Greenwich,CT,06830,Stamford Downtown,Single Family,2,1.5,3191,"$2,833,608",$0,2025-03-17,Active,Matthew White,matthew.white20@dreamhomes.com,212-555-0020,Greenwich Gold Coast Office,Patricia Robinson,patricia.robinson191@gmail.com,917-555-0191,Renter,Lease
511,29 Grand St,Hoboken,NJ,07030,Hoboken Waterfront,Multi-Family,3,2.2,3166,"$3,742,212","$3,600,167",2025-01-01,Closed,Lisa Lopez,lisa.lopez29@dreamhomes.com,212-555-0029,Hoboken Uptown Office,Andrew Ramirez,andrew.ramirez195@gmail.com,917-555-0195,Renter,Sell
512,177 Washington St,New York,ny,11201,DUMBO,Multi-Family,6,5.5,2574,"$4,416,984","$4,209,103",2025-04-03,Closed,Kevin Moore,kevin.moore7@dreamhomes.com,212-555-0007,Brooklyn Waterfront Office,Sandra Clark,sandra.clark25@gmail.com,917-555-0025,Renter,Lease
513,782 5th Ave,New York,NY,10012,Upper East Side,Single Family,1,1.2,1987,"$3,725,625","$3,612,411",2025-04-20,Closed,Melissa Williams,melissa.williams11@dreamhomes.com,212-555-0011,Manhattan Flagship Office,Nancy Harris,nancy.harris252@gmail.com,917-555-0252,Buyer,Buy
514,750 Grand St,Greenwich,CT,06830,Stamford Downtown,Condo,4,3.0,1322,"$1,171,292","$1,118,118",2025-05-13,Closed,Jessica Smith,jessica.smith10@dreamhomes.com,212-555-0010,Greenwich Gold Coast Office,Mark Rodriguez,mark.rodriguez181@gmail.com,917-555-0181,Seller,Sell
515,184 Washington St,Hoboken,NJ,07030,Hoboken Waterfront,Co-op,1,1.8,1017,"$1,176,669",$0,2025-06-24,Active,Amanda Anderson,amanda.anderson9@dreamhomes.com,212-555-0009,Hoboken Uptown Office,Kenneth Rodriguez,kenneth.rodriguez200@gmail.com,917-555-0200,Investor,Buy
516,397 Broadway,Jersey City,NJ,07302,Paulus Hook,Single Family,5,4.8,3316,"$3,524,908","$3,569,344",2025-03-22,Closed,Michael Lewis,michael.lewis3@dreamhomes.com,212-555-0003,Jersey City Financial Center,Daniel Williams,daniel.williams338@gmail.com,917-555-0338,Seller,Buy
517,105 Broadway,Hoboken,NJ,07030,Hoboken Waterfront,Townhouse,4,3.5,3359,"$4,349,905",$0,2025-06-12,Active,Lisa Lopez,lisa.lopez29@dreamhomes.com,212-555-0029,Hoboken Uptown Office,Jennifer Wilson,jennifer.wilson254@gmail.com,917-555-0254,Renter,Lease
518,511 Park Ave,Jersey City,NJ,07302,Paulus Hook,Single Family,3,3.2,2172,"$2,382,684","$2,442,507",2025-02-23,Closed,Daniel Robinson,daniel.robinson18@dreamhomes.com,212-555-0018,Jersey City Financial Center,David Lee,david.lee133@gmail.com,917-555-0133,Renter,Buy
519,740 Ocean Ave,New York,NY,11201,DUMBO,Condo,6,5.0,1859,"$3,006,003","$2,986,956",2025-03-04,Closed,Robert White,robert.white22@dreamhomes.com,212-555-0022,Brooklyn Waterfront Office,Robert Moore,robert.moore55@gmail.com,917-555-0055,Renter,Lease
520,723 Washington St,Greenwich,ct,06830,Stamford Downtown,Condo,1,1.2,1228,"$944,332","$920,194",2025-03-19,Closed,Charles Martinez,charles.martinez25@dreamhomes.com,212-555-0025,Greenwich Gold Coast Office,Richard Lopez,richard.lopez218@gmail.com,917-555-0218,Investor,Lease
521,769 Ocean Ave,Jersey City,NJ,07302,Paulus Hook,Co-op,3,2.2,1238,"$1,379,132",$0,2025-04-09,Active,Mary Ramirez,mary.ramirez28@dreamhomes.com,212-555-0028,Jersey City Financial Center,Emily Lee,emily.lee73@gmail.com,917-555-0073,Investor,Sell
522,977 5th Ave,Hoboken,NJ,07030,Hoboken Waterfront,Single Family,3,2.2,2207,"$2,747,715",$0,2025-06-19,Active,Lisa Lopez,lisa.lopez29@dreamhomes.com,212-555-0029,Hoboken Uptown Office,William Hernandez,william.hernandez194@gmail.com,917-555-0194,Renter,Sell
523,52 5th Ave,New York,NY,10012,Upper East Side,Single Family,2,2.0,931,"$1,644,146",$0,2025-01-21,Active,Melissa Williams,melissa.williams11@dreamhomes.com,212-555-0011,Manhattan Flagship Office,Kenneth Lopez,kenneth.lopez346@gmail.com,917-555-0346,Buyer,Sell
524,620 5th Ave,New York,NY,11201,DUMBO,Townhouse,6,4.5,2491,"$4,025,456","$3,870,426",2025-03-23,Closed,Kevin Martinez,kevin.martinez27@dreamhomes.com,212-555-0027,Brooklyn Waterfront Office,Carol Thompson,carol.thompson187@gmail.com,917-555-0187,Investor,Sell
525,260 Broadway,Greenwich,CT,06830,Stamford Downtown,Single Family,4,4.0,1609,"$1,259,847","$1,218,124",2025-03-07,Closed,Emily Wilson,emily.wilson30@dreamhomes.com,212-555-0030,Greenwich Gold Coast Office,Daniel Jones,daniel.jones149@gmail.com,917-555-0149,Renter,Sell
526,174 Grand St,New York,NY,10012,Tribeca,Single Family,1,1.8,2715,"$6,689,760","$6,812,490",2025-06-19,Closed,Emily Clark,emily.clark1@dreamhomes.com,212-555-0001,Manhattan Flagship Office,Andrew Robinson,andrew.robinson324@gmail.com,917-555-0324,Investor,Sell
527,249 Park Ave,New York,NY,11201,DUMBO,Multi-Family,4,3.0,1182,"$2,075,592","$1,998,017",2025-05-18,Closed,Robert White,robert.white22@dreamhomes.com,212-555-0022,Brooklyn Waterfront Office,Christopher Thompson,christopher.thompson291@gmail.com,917-555-0291,Renter,Buy
528,103 Grand St,New York,ny,10012,SoHo,Single Family,2,2.5,2701,"$6,447,287","$6,542,711",2025-02-05,Closed,Kenneth Lee,kenneth.lee21@dreamhomes.com,212-555-0021,Manhattan Flagship Office,Betty Robinson,betty.robinson3@gmail.com,917-555-0003,Investor,Buy
529,750 Ocean Ave,Greenwich,CT,06830,Stamford Downtown,Multi-Family,6,5.5,2786,"$2,412,676",$0,2025-07-13,Pending,Emily Wilson,emily.wilson30@dreamhomes.com,212-555-0030,Greenwich Gold Coast Office,Carol Davis,carol.davis273@gmail.com,917-555-0273,Investor,Sell
530,69 Washington St,Jersey City,NJ,07302,Paulus Hook,Multi-Family,4,4.0,1228,"$1,231,684","$1,229,791",2025-04-03,Closed,Michael Lewis,michael.lewis3@dreamhomes.com,212-555-0003,Jersey City Financial Center,Susan Jackson,susan.jackson306@gmail.com,917-555-0306,Buyer,Lease
531,829 Broadway,Greenwich,CT,06830,Greenwich Harbor,Single Family,4,3.0,801,"$1,195,092","$1,148,189",2025-04-29,Closed,Donna Perez,donna.perez15@dreamhomes.com,212-555-0015,Greenwich Gold Coast Office,Donna Anderson,donna.anderson51@gmail.com,917-555-0051,Seller,Buy
532,955 Washington St,New York,NY,11201,DUMBO,Condo,2,2.5,3814,"$6,609,662",$0,2025-06-16,Active,Kevin Martinez,kevin.martinez27@dreamhomes.com,212-555-0027,Brooklyn Waterfront Office,Melissa Sanchez,melissa.sanchez32@gmail.com,917-555-0032,Seller,Buy
533,440 5th Ave,New York,NY,10012,Tribeca,Single Family,2,2.5,3121,"$7,637,087",$0,2025-02-11,Active,Carol Wilson,carol.wilson6@dreamhomes.com,212-555-0006,Manhattan Flagship Office,Betty Thompson,betty.thompson127@gmail.com,917-555-0127,Investor,Sell
534,805 Ocean Ave,New York,NY,11201,Williamsburg,Multi-Family,6,5.5,3817,"$5,668,245","$5,710,127",2025-01-28,Closed,Betty Rodriguez,betty.rodriguez17@dreamhomes.com,212-555-0017,Brooklyn Waterfront Office,Michael Perez,michael.perez92@gmail.com,917-555-0092,Investor,Sell
535,151 Grand St,New York,NY,11201,DUMBO,Multi-Family,3,2.8,2864,"$4,765,696","$4,838,983",2025-04-09,Closed,Kevin Martinez,kevin.martinez27@dreamhomes.com,212-555-0027,Brooklyn Waterfront Office,Michelle Hernandez,michelle.hernandez302@gmail.com,917-555-0302,Investor,Buy
536,358 Broadway,New York,ny,11201,Williamsburg,Multi-Family,2,1.5,953,"$1,366,602","$1,356,503",2025-06-06,Closed,Linda Martinez,linda.martinez12@dreamhomes.com,212-555-0012,Brooklyn Waterfront Office,Donna Brown,donna.brown164@gmail.com,917-555-0164,Seller,Sell
537,367 Broadway,Greenwich,CT,06830,Greenwich Harbor,Co-op,6,5.0,1073,"$1,635,252","$1,646,974",2025-07-12,Closed,Emily Wilson,emily.wilson30@dreamhomes.com,212-555-0030,Greenwich Gold Coast Office,Richard White,richard.white28@gmail.com,917-555-0028,Renter,Buy
538,950 Grand St,Hoboken,NJ,07030,Hoboken Waterfront,Multi-Family,3,2.2,2440,"$2,908,480",$0,2025-04-23,Active,Lisa Lopez,lisa.lopez29@dreamhomes.com,212-555-0029,Hoboken Uptown Office,Mary Martinez,mary.martinez91@gmail.com,917-555-0091,Buyer,Lease
539,102 Grand St,Hoboken,NJ,07030,Hoboken Waterfront,Townhouse,5,4.2,1500,"$1,750,500","$1,735,937",2025-05-08,Closed,Amanda Anderson,amanda.anderson9@dreamhomes.com,212-555-0009,Hoboken Uptown Office,Andrew Perez,andrew.perez211@gmail.com,917-555-0211,Investor,Buy
540,820 Broadway,Greenwich,CT,06830,Stamford Downtown,Co-op,4,3.5,1355,"$1,136,845","$1,142,971",2025-02-22,Closed,Jessica Smith,jessica.smith10@dreamhomes.com,212-555-0010,Greenwich Gold Coast Office,Carol Garcia,carol.garcia307@gmail.com,917-555-0307,Renter,Sell
541,504 Grand St,Jersey City,NJ,07302,Paulus Hook,Multi-Family,5,4.2,1186,"$1,360,342","$1,343,224",2025-01-04,Closed,Nancy Williams,nancy.williams23@dreamhomes.com,212-555-0023,Jersey City Financial Center,Michael Taylor,michael.taylor84@gmail.com,917-555-0084,Investor,Buy
542,373 Washington St,Jersey City,NJ,07302,Downtown Jersey City,Co-op,4,3.0,2742,"$3,098,460","$3,006,858",2025-03-10,Closed,Nancy Williams,nancy.williams23@dreamhomes.com,212-555-0023,Jersey City Financial Center,Robert Taylor,robert.taylor280@gmail.com,917-555-0280,Renter,Buy
543,872 Park Ave,New York,NY,10012,SoHo,Co-op,6,5.5,825,"$1,972,575","$2,016,004",2025-03-02,Closed,Christopher Miller,christopher.miller16@dreamhomes.com,212-555-0016,Manhattan Flagship Office,Sandra Moore,sandra.moore21@gmail.com,917-555-0021,Buyer,Buy
544,949 Broadway,Hoboken,nj,07030,Hoboken Waterfront,Single Family,6,4.5,1766,"$2,186,308","$2,171,722",2025-06-04,Closed,Amanda Anderson,amanda.anderson9@dreamhomes.com,212-555-0009,Hoboken Uptown Office,Daniel Martin,daniel.martin304@gmail.com,917-555-0304,Seller,Lease
545,181 Broadway,Greenwich,CT,06830,Stamford Downtown,Townhouse,4,4.0,1531,"$1,417,706","$1,416,766",2025-06-28,Closed,Jessica Smith,jessica.smith10@dreamhomes.com,212-555-0010,Greenwich Gold Coast Office,Daniel Williams,daniel.williams338@gmail.com,917-555-0338,Seller,Buy
546,917 Grand St,Greenwich,CT,06830,Stamford Downtown,Single Family,5,3.8,3132,"$2,577,636",$0,2025-05-19,Active,Donna Perez,donna.perez15@dreamhomes.com,212-555-0015,Greenwich Gold Coast Office,Emily Moore,emily.moore131@gmail.com,917-555-0131,Renter,Sell
547,842 5th Ave,Greenwich,CT,06830,Greenwich Harbor,Co-op,6,4.5,3296,"$5,270,304",$0,2025-02-24,Active,Jessica Smith,jessica.smith10@dreamhomes.com,212-555-0010,Greenwich Gold Coast Office,Kenneth Rodriguez,kenneth.rodriguez200@gmail.com,917-555-0200,Investor,Buy
548,914 Grand St,Hoboken,NJ,07030,Hoboken Waterfront,Co-op,2,2.0,1240,"$1,409,880","$1,432,658",2025-04-15,Closed,Lisa Lopez,lisa.lopez29@dreamhomes.com,212-555-0029,Hoboken Uptown Office,Jennifer Jackson,jennifer.jackson279@gmail.com,917-555-0279,Buyer,Lease
549,110 Ocean Ave,New York,NY,11201,Williamsburg,Townhouse,1,1.8,1720,"$2,473,360","$2,420,918",2025-05-26,Closed,Kevin Moore,kevin.moore7@dreamhomes.com,212-555-0007,Brooklyn Waterfront Office,Joshua Ramirez,joshua.ramirez258@gmail.com,917-555-0258,Renter,Buy
550,244 Washington St,New York,NY,11201,Williamsburg,Multi-Family,2,1.5,2735,"$3,733,275","$3,767,969",2025-06-28,Closed,Kevin Moore,kevin.moore7@dreamhomes.com,212-555-0007,Brooklyn Waterfront Office,Jessica Garcia,jessica.garcia334@gmail.com,917-555-0334,Seller,Buy
551,119 Broadway,Jersey City,NJ,07302,Downtown Jersey City,Co-op,1,1.2,1095,"$1,224,210",$0,2025-07-04,Pending,Donna Harris,donna.harris8@dreamhomes.com,212-555-0008,Jersey City Financial Center,Matthew Davis,matthew.davis112@gmail.com,917-555-0112,Renter,Sell
552,495 Park Ave,Greenwich,ct,06830,Stamford Downtown,Single Family,1,1.2,2103,"$1,766,520","$1,813,250",2025-06-11,Closed,Jessica Smith,jessica.smith10@dreamhomes.com,212-555-0010,Greenwich Gold Coast Office,Michelle Smith,michelle.smith153@gmail.com,917-555-0153,Seller,Lease
553,906 5th Ave,Greenwich,CT,06830,Greenwich Harbor,Townhouse,6,5.5,2490,"$3,710,100","$3,699,925",2025-04-03,Closed,Charles Martinez,charles.martinez25@dreamhomes.com,212-555-0025,Greenwich Gold Coast Office,Carol Harris,carol.harris78@gmail.com,917-555-0078,Seller,Lease
554,298 Broadway,Hoboken,NJ,07030,Hoboken Waterfront,Co-op,1,1.8,1051,"$1,165,559","$1,108,677",2025-01-28,Closed,Daniel Sanchez,daniel.sanchez19@dreamhomes.com,212-555-0019,Hoboken Uptown Office,Jessica Martinez,jessica.martinez349@gmail.com,917-555-0349,Seller,Buy
555,556 Ocean Ave,New York,NY,11201,DUMBO,Condo,4,4.0,3229,"$5,256,812",$0,2025-01-07,Active,Robert White,robert.white22@dreamhomes.com,212-555-0022,Brooklyn Waterfront Office,Jessica Gonzalez,jessica.gonzalez292@gmail.com,917-555-0292,Seller,Buy
556,611 Broadway,Hoboken,NJ,07030,Hoboken Waterfront,Single Family,1,1.8,1677,"$2,020,785","$1,932,457",2025-06-25,Closed,James Clark,james.clark14@dreamhomes.com,212-555-0014,Hoboken Uptown Office,Andrew Thompson,andrew.thompson59@gmail.com,917-555-0059,Buyer,Buy
557,522 Grand St,Greenwich,CT,06830,Stamford Downtown,Townhouse,6,5.5,2115,"$1,702,575",$0,2025-06-12,Active,Jessica Smith,jessica.smith10@dreamhomes.com,212-555-0010,Greenwich Gold Coast Office,Linda Lopez,linda.lopez163@gmail.com,917-555-0163,Renter,Buy
558,914 Ocean Ave,Hoboken,NJ,07030,Hoboken Waterfront,Co-op,6,4.5,4082,"$5,282,108",$0,2025-03-15,Active,Joseph Lewis,joseph.lewis4@dreamhomes.com,212-555-0004,Hoboken Uptown Office,Jennifer Gonzalez,jennifer.gonzalez1@gmail.com,917-555-0001,Renter,Sell
559,372 5th Ave,Greenwich,CT,06830,Stamford Downtown,Single Family,6,5.5,3670,"$3,075,460","$2,932,799",2025-06-18,Closed,Brian Martin,brian.martin5@dreamhomes.com,212-555-0005,Greenwich Gold Coast Office,David Taylor,david.taylor253@gmail.com,917-555-0253,Seller,Buy
560,205 Broadway,Hoboken,nj,07030,Hoboken Waterfront,Townhouse,6,4.5,3961,"$4,420,476","$4,217,039",2025-07-04,Closed,Amanda Anderson,amanda.anderson9@dreamhomes.com,212-555-0009,Hoboken Uptown Office,Barbara Moore,barbara.moore121@gmail.com,917-555-0121,Buyer,Lease
561,463 Grand St,New York,NY,11201,DUMBO,Condo,3,2.8,2819,"$4,504,762","$4,600,132",2025-01-20,Closed,Kevin Martinez,kevin.martinez27@dreamhomes.com,212-555-0027,Brooklyn Waterfront Office,Michael Robinson,michael.robinson229@gmail.com,917-555-0229,Seller,Lease
562,300 Washington St,New York,NY,10012,Tribeca,Co-op,1,1.2,880,"$2,044,240",$0,2025-03-16,Active,Emily Clark,emily.clark1@dreamhomes.com,212-555-0001,Manhattan Flagship Office,Sandra Lopez,sandra.lopez190@gmail.com,917-555-0190,Investor,Sell
563,289 Washington St,Jersey City,NJ,07302,Paulus Hook,Condo,4,3.5,3085,"$3,455,200","$3,310,199",2025-02-08,Closed,Michael Anderson,michael.anderson13@dreamhomes.com,212-555-0013,Jersey City Financial Center,Elizabeth Thompson,elizabeth.thompson249@gmail.com,917-555-0249,Buyer,Lease
564,750 Park Ave,New York,NY,10012,Tribeca,Single Family,2,2.5,2913,"$6,924,201","$7,063,636",2025-06-15,Closed,Emily Jones,emily.jones26@dreamhomes.com,212-555-0026,Manhattan Flagship Office,Nancy Smith,nancy.smith196@gmail.com,917-555-0196,Buyer,Lease
565,580 Ocean Ave,New York,NY,11201,Williamsburg,Single Family,4,3.0,3467,"$4,732,455","$4,846,635",2025-02-22,Closed,Kevin Martinez,kevin.martinez27@dreamhomes.com,212-555-0027,Brooklyn Waterfront Office,Andrew Martin,andrew.martin223@gmail.com,917-555-0223,Buyer,Lease
566,916 Ocean Ave,New York,NY,10012,SoHo,Townhouse,2,1.5,2115,"$5,076,000","$4,859,486",2025-03-11,Closed,Kenneth Lee,kenneth.lee21@dreamhomes.com,212-555-0021,Manhattan Flagship Office,Christopher Harris,christopher.harris93@gmail.com,917-555-0093,Renter,Lease
567,366 Park Ave,Greenwich,CT,06830,Greenwich Harbor,Townhouse,3,2.8,3806,"$5,960,196","$5,801,641",2025-03-15,Closed,Donna Perez,donna.perez15@dreamhomes.com,212-555-0015,Greenwich Gold Coast Office,Anthony Perez,anthony.perez345@gmail.com,917-555-0345,Investor,Buy
568,787 Broadway,Greenwich,ct,06830,Stamford Downtown,Single Family,4,3.5,3779,"$2,898,493","$2,962,256",2025-02-18,Closed,Brian Martin,brian.martin5@dreamhomes.com,212-555-0005,Greenwich Gold Coast Office,David Hernandez,david.hernandez170@gmail.com,917-555-0170,Renter,Lease
569,985 Park Ave,Jersey City,NJ,07302,Paulus Hook,Multi-Family,2,2.5,944,"$993,088","$981,820",2025-02-05,Closed,Mary Ramirez,mary.ramirez28@dreamhomes.com,212-555-0028,Jersey City Financial Center,Patricia Perez,patricia.perez124@gmail.com,917-555-0124,Buyer,Buy
570,753 Washington St,Jersey City,NJ,07302,Downtown Jersey City,Townhouse,1,1.8,3415,"$3,964,815",$0,2025-03-16,Pending,Michael Lewis,michael.lewis3@dreamhomes.com,212-555-0003,Jersey City Financial Center,Christopher Moore,christopher.moore154@gmail.com,917-555-0154,Seller,Buy
571,571 Broadway,Jersey City,NJ,07302,Downtown Jersey City,Co-op,6,4.5,2635,"$3,082,950","$3,030,120",2025-05-11,Closed,Michael Lewis,michael.lewis3@dreamhomes.com,212-555-0003,Jersey City Financial Center,Emily Martin,emily.martin54@gmail.com,917-555-0054,Seller,Lease
572,254 Ocean Ave,Greenwich,CT,06830,Stamford Downtown,Multi-Family,1,1.2,4154,"$3,223,504","$3,213,542",2025-02-05,Closed,Jessica Smith,jessica.smith10@dreamhomes.com,212-555-0010,Greenwich Gold Coast Office,Nancy Thompson,nancy.thompson289@gmail.com,917-555-0289,Seller,Buy
573,880 Broadway,New York,NY,10012,Tribeca,Co-op,2,2.0,3477,"$8,289,168","$8,235,729",2025-01-24,Closed,Kenneth Lee,kenneth.lee21@dreamhomes.com,212-555-0021,Manhattan Flagship Office,Betty Wilson,betty.wilson14@gmail.com,917-555-0014,Seller,Buy
574,706 Ocean Ave,Jersey City,NJ,07302,Paulus Hook,Multi-Family,4,4.0,1970,"$1,995,610",$0,2025-04-11,Pending,Donna Harris,donna.harris8@dreamhomes.com,212-555-0008,Jersey City Financial Center,Carol Garcia,carol.garcia307@gmail.com,917-555-0307,Renter,Lease
575,258 Broadway,New York,NY,11201,Williamsburg,Townhouse,3,3.2,3554,"$4,872,534","$4,952,417",2025-01-24,Closed,Kevin Moore,kevin.moore7@dreamhomes.com,212-555-0007,Brooklyn Waterfront Office,Linda Martin,linda.martin77@gmail.com,917-555-0077,Investor,Lease
576,67 Washington St,New York,ny,11201,DUMBO,Co-op,3,3.2,2740,"$4,874,460","$4,643,626",2025-05-23,Closed,Kenneth Taylor,kenneth.taylor2@dreamhomes.com,212-555-0002,Brooklyn Waterfront Office,Kevin Ramirez,kevin.ramirez339@gmail.com,917-555-0339,Seller,Lease
577,969 Broadway,Jersey City,NJ,07302,Paulus Hook,Condo,2,2.5,2453,"$2,646,787",$0,2025-05-21,Pending,Nancy Williams,nancy.williams23@dreamhomes.com,212-555-0023,Jersey City Financial Center,Brian Lee,brian.lee94@gmail.com,917-555-0094,Buyer,Sell
578,934 Ocean Ave,Hoboken,NJ,07030,Hoboken Waterfront,Single Family,6,5.5,1210,"$1,338,260","$1,348,217",2025-01-06,Closed,Carol Moore,carol.moore24@dreamhomes.com,212-555-0024,Hoboken Uptown Office,Anthony Johnson,anthony.johnson294@gmail.com,917-555-0294,Renter,Buy
579,16 Ocean Ave,New York,NY,10012,Upper East Side,Condo,5,4.8,2424,"$4,256,544","$4,144,720",2025-07-05,Closed,Christopher Miller,christopher.miller16@dreamhomes.com,212-555-0016,Manhattan Flagship Office,Emily Thomas,emily.thomas67@gmail.com,917-555-0067,Renter,Lease
580,961 5th Ave,Hoboken,NJ,07030,Hoboken Waterfront,Condo,2,1.5,1481,"$1,855,693","$1,832,507",2025-01-05,Closed,Joseph Lewis,joseph.lewis4@dreamhomes.com,212-555-0004,Hoboken Uptown Office,Susan Jones,susan.jones177@gmail.com,917-555-0177,Renter,Buy
581,868 5th Ave,New York,NY,11201,DUMBO,Co-op,3,2.2,2249,"$3,915,509",$0,2025-05-07,Active,Kevin Martinez,kevin.martinez27@dreamhomes.com,212-555-0027,Brooklyn Waterfront Office,David Hernandez,david.hernandez170@gmail.com,917-555-0170,Renter,Sell
582,684 Ocean Ave,New York,NY,10012,Tribeca,Condo,6,5.0,2844,"$6,760,188",$0,2025-06-01,Pending,Christopher Miller,christopher.miller16@dreamhomes.com,212-555-0016,Manhattan Flagship Office,Nancy Ramirez,nancy.ramirez129@gmail.com,917-555-0129,Seller,Buy
583,907 Park Ave,New York,NY,11201,Williamsburg,Single Family,2,1.5,1288,"$1,804,488","$1,715,729",2025-02-24,Closed,Robert White,robert.white22@dreamhomes.com,212-555-0022,Brooklyn Waterfront Office,Charles White,charles.white102@gmail.com,917-555-0102,Buyer,Buy
584,403 Park Ave,Jersey City,nj,07302,Downtown Jersey City,Townhouse,4,3.0,1481,"$1,686,859","$1,639,783",2025-06-06,Closed,Mary Ramirez,mary.ramirez28@dreamhomes.com,212-555-0028,Jersey City Financial Center,Carol Hernandez,carol.hernandez275@gmail.com,917-555-0275,Investor,Lease
585,947 Washington St,Hoboken,NJ,07030,Hoboken Waterfront,Co-op,5,4.8,2749,"$3,144,856",$0,2025-03-07,Active,Carol Moore,carol.moore24@dreamhomes.com,212-555-0024,Hoboken Uptown Office,Andrew Jackson,andrew.jackson38@gmail.com,917-555-0038,Seller,Sell
586,598 Park Ave,Jersey City,NJ,07302,Downtown Jersey City,Co-op,4,3.5,2222,"$2,655,290","$2,707,425",2025-02-01,Closed,Mary Ramirez,mary.ramirez28@dreamhomes.com,212-555-0028,Jersey City Financial Center,Kevin Anderson,kevin.anderson282@gmail.com,917-555-0282,Renter,Buy
587,380 Ocean Ave,Jersey City,NJ,07302,Paulus Hook,Single Family,6,5.5,3682,"$3,888,192",$0,2025-01-26,Pending,Michael Lewis,michael.lewis3@dreamhomes.com,212-555-0003,Jersey City Financial Center,Sarah Martinez,sarah.martinez268@gmail.com,917-555-0268,Investor,Sell
588,405 Grand St,New York,NY,10012,SoHo,Townhouse,5,3.8,3173,"$7,872,213",$0,2025-03-18,Pending,Emily Jones,emily.jones26@dreamhomes.com,212-555-0026,Manhattan Flagship Office,Lisa Lee,lisa.lee234@gmail.com,917-555-0234,Renter,Sell
589,156 5th Ave,New York,NY,10012,Tribeca,Townhouse,5,4.8,2348,"$5,494,320","$5,479,395",2025-01-30,Closed,Emily Clark,emily.clark1@dreamhomes.com,212-555-0001,Manhattan Flagship Office,Sandra Lopez,sandra.lopez190@gmail.com,917-555-0190,Investor,Lease
590,851 Washington St,New York,NY,11201,DUMBO,Townhouse,3,2.8,1852,"$3,022,464","$2,936,389",2025-03-01,Closed,Kevin Martinez,kevin.martinez27@dreamhomes.com,212-555-0027,Brooklyn Waterfront Office,David Taylor,david.taylor253@gmail.com,917-555-0253,Seller,Lease
591,397 5th Ave,New York,NY,10012,SoHo,Multi-Family,3,2.8,1189,"$2,905,916","$2,763,329",2025-06-26,Closed,Emily Clark,emily.clark1@dreamhomes.com,212-555-0001,Manhattan Flagship Office,Elizabeth Thompson,elizabeth.thompson249@gmail.com,917-555-0249,Buyer,Buy
592,984 Broadway,New York,ny,10012,SoHo,Condo,4,4.0,848,"$2,016,544","$1,998,697",2025-01-30,Closed,Kenneth Lee,kenneth.lee21@dreamhomes.com,212-555-0021,Manhattan Flagship Office,Michelle Lopez,michelle.lopez109@gmail.com,917-555-0109,Investor,Lease
593,604 Washington St,New York,NY,10012,SoHo,Multi-Family,5,4.8,1108,"$2,731,220",$0,2025-03-30,Active,Christopher Miller,christopher.miller16@dreamhomes.com,212-555-0016,Manhattan Flagship Office,Jennifer Thompson,jennifer.thompson344@gmail.com,917-555-0344,Renter,Lease
594,317 Broadway,New York,NY,11201,DUMBO,Townhouse,4,3.0,2153,"$3,582,592","$3,424,850",2025-01-20,Closed,Betty Rodriguez,betty.rodriguez17@dreamhomes.com,212-555-0017,Brooklyn Waterfront Office,Sandra Ramirez,sandra.ramirez303@gmail.com,917-555-0303,Buyer,Sell
595,390 Grand St,Hoboken,NJ,07030,Hoboken Waterfront,Co-op,4,3.0,940,"$1,222,000","$1,197,447",2025-07-14,Closed,James Clark,james.clark14@dreamhomes.com,212-555-0014,Hoboken Uptown Office,Joshua Hernandez,joshua.hernandez105@gmail.com,917-555-0105,Seller,Buy
596,311 Park Ave,Jersey City,NJ,07302,Downtown Jersey City,Co-op,6,4.5,3756,"$3,962,580","$3,996,193",2025-03-17,Closed,Nancy Williams,nancy.williams23@dreamhomes.com,212-555-0023,Jersey City Financial Center,Andrew Jackson,andrew.jackson38@gmail.com,917-555-0038,Seller,Lease
597,578 Washington St,Hoboken,NJ,07030,Hoboken Waterfront,Single Family,5,4.8,3073,"$3,779,790",$0,2025-04-08,Pending,Amanda Anderson,amanda.anderson9@dreamhomes.com,212-555-0009,Hoboken Uptown Office,Elizabeth Martin,elizabeth.martin236@gmail.com,917-555-0236,Seller,Buy
598,831 Broadway,Jersey City,NJ,07302,Downtown Jersey City,Co-op,2,1.5,2670,"$3,105,210","$3,018,401",2025-04-15,Closed,Michael Lewis,michael.lewis3@dreamhomes.com,212-555-0003,Jersey City Financial Center,Michael Sanchez,michael.sanchez272@gmail.com,917-555-0272,Seller,Buy
599,930 Broadway,Greenwich,CT,06830,Greenwich Harbor,Townhouse,1,0.8,2231,"$3,500,439",$0,2025-03-05,Active,Charles Martinez,charles.martinez25@dreamhomes.com,212-555-0025,Greenwich Gold Coast Office,Michelle Anderson,michelle.anderson270@gmail.com,917-555-0270,Investor,Lease
600,983 Broadway,New York,ny,11201,Williamsburg,Condo,4,4.0,2934,"$4,377,528","$4,328,877",2025-05-06,Closed,Kevin Moore,kevin.moore7@dreamhomes.com,212-555-0007,Brooklyn Waterfront Office,Andrew Ramirez,andrew.ramirez340@gmail.com,917-555-0340,Seller,Sell
601,96 Grand St,New York,NY,10012,Upper East Side,Single Family,6,5.5,3540,"$6,464,040",$0,2025-01-19,Active,Christopher Miller,christopher.miller16@dreamhomes.com,212-555-0016,Manhattan Flagship Office,Nancy Harris,nancy.harris252@gmail.com,917-555-0252,Buyer,Lease
602,998 Ocean Ave,Greenwich,CT,06830,Stamford Downtown,Single Family,6,5.0,4199,"$3,653,130","$3,480,076",2025-03-30,Closed,Charles Martinez,charles.martinez25@dreamhomes.com,212-555-0025,Greenwich Gold Coast Office,Christopher Thompson,christopher.thompson291@gmail.com,917-555-0291,Renter,Lease
603,97 Park Ave,Jersey City,NJ,07302,Paulus Hook,Co-op,2,2.0,3931,"$3,777,691","$3,614,669",2025-07-05,Closed,Michael Lewis,michael.lewis3@dreamhomes.com,212-555-0003,Jersey City Financial Center,Daniel Wilson,daniel.wilson176@gmail.com,917-555-0176,Renter,Sell
604,637 Ocean Ave,New York,NY,11201,DUMBO,Multi-Family,5,3.8,3293,"$5,489,431","$5,492,990",2025-01-10,Closed,Kevin Moore,kevin.moore7@dreamhomes.com,212-555-0007,Brooklyn Waterfront Office,Charles Hernandez,charles.hernandez22@gmail.com,917-555-0022,Renter,Buy
605,430 Grand St,Hoboken,NJ,07030,Hoboken Waterfront,Townhouse,4,3.5,2821,"$3,359,811",$0,2025-06-05,Active,Daniel Sanchez,daniel.sanchez19@dreamhomes.com,212-555-0019,Hoboken Uptown Office,Charles Moore,charles.moore148@gmail.com,917-555-0148,Investor,Lease
606,984 5th Ave,Greenwich,CT,06830,Greenwich Harbor,Multi-Family,6,5.0,3304,"$4,903,136",$0,2025-03-29,Pending,Donna Perez,donna.perez15@dreamhomes.com,212-555-0015,Greenwich Gold Coast Office,Jennifer Wilson,jennifer.wilson40@gmail.com,917-555-0040,Seller,Lease
607,711 Park Ave,Greenwich,CT,06830,Greenwich Harbor,Townhouse,3,2.8,3442,"$5,328,216","$5,392,147",2025-01-29,Closed,Emily Wilson,emily.wilson30@dreamhomes.com,212-555-0030,Greenwich Gold Coast Office,Elizabeth Anderson,elizabeth.anderson29@gmail.com,917-555-0029,Buyer,Lease
608,742 5th Ave,Jersey City,nj,07302,Downtown Jersey City,Single Family,2,2.0,3924,"$4,077,036",$0,2025-02-11,Active,Nancy Williams,nancy.williams23@dreamhomes.com,212-555-0023,Jersey City Financial Center,Joshua White,joshua.white138@gmail.com,917-555-0138,Investor,Buy
609,864 Washington St,Jersey City,NJ,07302,Downtown Jersey City,Co-op,1,1.2,2755,"$2,898,260","$2,977,935",2025-06-28,Closed,Donna Harris,donna.harris8@dreamhomes.com,212-555-0008,Jersey City Financial Center,David Lee,david.lee133@gmail.com,917-555-0133,Renter,Lease
610,98 5th Ave,New York,NY,10012,SoHo,Multi-Family,4,3.0,1372,"$3,399,816","$3,458,790",2025-06-15,Closed,Melissa Williams,melissa.williams11@dreamhomes.com,212-555-0011,Manhattan Flagship Office,William Lee,william.lee60@gmail.com,917-555-0060,Seller,Buy
611,191 Park Ave,New York,NY,11201,Williamsburg,Condo,3,2.2,2015,"$2,768,610",$0,2025-03-18,Active,Kenneth Taylor,kenneth.taylor2@dreamhomes.com,212-555-0002,Brooklyn Waterfront Office,Thomas Sanchez,thomas.sanchez116@gmail.com,917-555-0116,Seller,Sell
612,632 Ocean Ave,Jersey City,NJ,07302,Paulus Hook,Multi-Family,1,1.2,3829,"$4,250,190","$4,247,419",2025-02-05,Closed,Michael Anderson,michael.anderson13@dreamhomes.com,212-555-0013,Jersey City Financial Center,Anthony Hernandez,anthony.hernandez188@gmail.com,917-555-0188,Buyer,Sell
613,257 Ocean Ave,Hoboken,NJ,07030,Hoboken Waterfront,Single Family,1,1.2,1713,"$1,892,865","$1,894,712",2025-01-29,Closed,Daniel Sanchez,daniel.sanchez19@dreamhomes.com,212-555-0019,Hoboken Uptown Office,Daniel Moore,daniel.moore277@gmail.com,917-555-0277,Buyer,Lease
614,431 Ocean Ave,Hoboken,NJ,07030,Hoboken Waterfront,Multi-Family,5,4.2,2703,"$3,319,284","$3,162,100",2025-07-03,Closed,Daniel Sanchez,daniel.sanchez19@dreamhomes.com,212-555-0019,Hoboken Uptown Office,Karen Williams,karen.williams206@gmail.com,917-555-0206,Renter,Lease
615,75 Ocean Ave,Greenwich,CT,06830,Greenwich Harbor,Multi-Family,4,4.0,2115,"$3,121,740","$3,149,398",2025-02-25,Closed,Brian Martin,brian.martin5@dreamhomes.com,212-555-0005,Greenwich Gold Coast Office,Brian Lewis,brian.lewis39@gmail.com,917-555-0039,Investor,Lease
616,929 Grand St,New York,ny,10012,Tribeca,Co-op,4,3.0,1897,"$4,344,130","$4,285,077",2025-02-19,Closed,Christopher Miller,christopher.miller16@dreamhomes.com,212-555-0016,Manhattan Flagship Office,Joshua Hernandez,joshua.hernandez105@gmail.com,917-555-0105,Seller,Buy
617,281 Park Ave,New York,NY,11201,Williamsburg,Townhouse,3,2.2,1391,"$2,110,147","$2,056,639",2025-06-20,Closed,Kenneth Taylor,kenneth.taylor2@dreamhomes.com,212-555-0002,Brooklyn Waterfront Office,David Smith,david.smith155@gmail.com,917-555-0155,Buyer,Sell
618,769 Broadway,Greenwich,CT,06830,Stamford Downtown,Multi-Family,4,3.5,2622,"$2,136,930","$2,141,231",2025-05-31,Closed,Brian Martin,brian.martin5@dreamhomes.com,212-555-0005,Greenwich Gold Coast Office,Joshua Wilson,joshua.wilson64@gmail.com,917-555-0064,Buyer,Buy
619,861 5th Ave,Greenwich,CT,06830,Greenwich Harbor,Multi-Family,1,0.8,3835,"$5,848,375",$0,2025-02-03,Active,Emily Wilson,emily.wilson30@dreamhomes.com,212-555-0030,Greenwich Gold Coast Office,Joshua Smith,joshua.smith245@gmail.com,917-555-0245,Investor,Lease
620,419 Ocean Ave,Jersey City,NJ,07302,Paulus Hook,Multi-Family,4,3.5,1294,"$1,374,228","$1,350,028",2025-03-07,Closed,Daniel Robinson,daniel.robinson18@dreamhomes.com,212-555-0018,Jersey City Financial Center,Elizabeth White,elizabeth.white144@gmail.com,917-555-0144,Renter,Buy
621,489 5th Ave,Hoboken,NJ,07030,Hoboken Waterfront,Co-op,4,4.0,3985,"$4,797,940","$4,753,044",2025-05-20,Closed,Daniel Sanchez,daniel.sanchez19@dreamhomes.com,212-555-0019,Hoboken Uptown Office,Betty Hernandez,betty.hernandez95@gmail.com,917-555-0095,Seller,Lease
622,24 Broadway,New York,NY,10012,SoHo,Single Family,6,5.5,3175,"$7,416,800","$7,109,701",2025-07-08,Closed,Carol Wilson,carol.wilson6@dreamhomes.com,212-555-0006,Manhattan Flagship Office,Jennifer Jackson,jennifer.jackson279@gmail.com,917-555-0279,Buyer,Buy
623,528 5th Ave,Jersey City,NJ,07302,Paulus Hook,Townhouse,2,2.5,1079,"$1,178,268","$1,212,194",2025-04-10,Closed,Michael Lewis,michael.lewis3@dreamhomes.com,212-555-0003,Jersey City Financial Center,Michael Jones,michael.jones203@gmail.com,917-555-0203,Investor,Buy
624,886 5th Ave,Jersey City,nj,07302,Downtown Jersey City,Condo,3,2.2,2725,"$3,013,850","$3,008,385",2025-04-26,Closed,Daniel Robinson,daniel.robinson18@dreamhomes.com,212-555-0018,Jersey City Financial Center,Emily Lee,emily.lee73@gmail.com,917-555-0073,Investor,Buy
625,511 Park Ave,Greenwich,CT,06830,Stamford Downtown,Townhouse,4,3.5,3564,"$3,082,860","$3,030,123",2025-03-15,Closed,Brian Martin,brian.martin5@dreamhomes.com,212-555-0005,Greenwich Gold Coast Office,Joshua Williams,joshua.williams247@gmail.com,917-555-0247,Renter,Buy
626,104 Park Ave,Jersey City,NJ,07302,Paulus Hook,Single Family,1,0.8,1388,"$1,501,816","$1,513,420",2025-02-16,Closed,Mary Ramirez,mary.ramirez28@dreamhomes.com,212-555-0028,Jersey City Financial Center,Kevin Davis,kevin.davis6@gmail.com,917-555-0006,Seller,Sell
627,472 Park Ave,New York,NY,11201,Williamsburg,Townhouse,6,5.0,3275,"$4,440,900","$4,425,678",2025-04-02,Closed,Linda Martinez,linda.martinez12@dreamhomes.com,212-555-0012,Brooklyn Waterfront Office,Carol Ramirez,carol.ramirez227@gmail.com,917-555-0227,Seller,Buy
628,179 5th Ave,Hoboken,NJ,07030,Hoboken Waterfront,Multi-Family,2,1.5,1310,"$1,514,360","$1,473,184",2025-01-13,Closed,Amanda Anderson,amanda.anderson9@dreamhomes.com,212-555-0009,Hoboken Uptown Office,Emily Gonzalez,emily.gonzalez274@gmail.com,917-555-0274,Buyer,Lease
629,670 Washington St,New York,NY,10012,Tribeca,Condo,6,5.5,2939,"$6,827,297","$6,537,923",2025-03-02,Closed,Emily Clark,emily.clark1@dreamhomes.com,212-555-0001,Manhattan Flagship Office,David Robinson,david.robinson314@gmail.com,917-555-0314,Buyer,Sell
630,411 Grand St,New York,NY,10012,Upper East Side,Townhouse,4,4.0,3707,"$6,906,141","$7,044,424",2025-04-06,Closed,Carol Wilson,carol.wilson6@dreamhomes.com,212-555-0006,Manhattan Flagship Office,Charles White,charles.white102@gmail.com,917-555-0102,Buyer,Buy
631,174 Park Ave,Jersey City,NJ,07302,Downtown Jersey City,Co-op,4,3.5,979,"$1,015,223","$1,045,066",2025-05-02,Closed,Donna Harris,donna.harris8@dreamhomes.com,212-555-0008,Jersey City Financial Center,Patricia Perez,patricia.perez124@gmail.com,917-555-0124,Buyer,Sell
632,745 5th Ave,New York,ny,11201,Williamsburg,Townhouse,6,5.0,2096,"$3,139,808","$3,090,054",2025-04-23,Closed,Robert White,robert.white22@dreamhomes.com,212-555-0022,Brooklyn Waterfront Office,Jennifer Davis,jennifer.davis330@gmail.com,917-555-0330,Buyer,Lease
633,477 Ocean Ave,New York,NY,11201,DUMBO,Co-op,2,1.5,3918,"$6,836,910","$6,834,726",2025-01-30,Closed,Kenneth Taylor,kenneth.taylor2@dreamhomes.com,212-555-0002,Brooklyn Waterfront Office,Joshua Rodriguez,joshua.rodriguez34@gmail.com,917-555-0034,Investor,Lease
634,549 Broadway,New York,NY,10012,Upper East Side,Co-op,6,5.5,3234,"$6,005,538","$6,026,926",2025-05-25,Closed,Kenneth Lee,kenneth.lee21@dreamhomes.com,212-555-0021,Manhattan Flagship Office,Betty Gonzalez,betty.gonzalez186@gmail.com,917-555-0186,Buyer,Buy
635,927 Washington St,Jersey City,NJ,07302,Paulus Hook,Co-op,2,1.5,1882,"$2,139,834","$2,042,815",2025-03-15,Closed,Nancy Williams,nancy.williams23@dreamhomes.com,212-555-0023,Jersey City Financial Center,Michael Perez,michael.perez92@gmail.com,917-555-0092,Investor,Lease
636,938 5th Ave,New York,NY,10012,SoHo,Co-op,4,3.5,2207,"$5,502,051",$0,2025-05-09,Active,Christopher Miller,christopher.miller16@dreamhomes.com,212-555-0016,Manhattan Flagship Office,Sarah Miller,sarah.miller322@gmail.com,917-555-0322,Buyer,Sell
637,99 Park Ave,Jersey City,NJ,07302,Downtown Jersey City,Co-op,4,4.0,854,"$946,232",$0,2025-07-18,Active,Donna Harris,donna.harris8@dreamhomes.com,212-555-0008,Jersey City Financial Center,Linda Lopez,linda.lopez163@gmail.com,917-555-0163,Renter,Buy
638,564 Broadway,Hoboken,NJ,07030,Hoboken Waterfront,Co-op,5,4.8,1021,"$1,167,003",$0,2025-04-16,Pending,James Clark,james.clark14@dreamhomes.com,212-555-0014,Hoboken Uptown Office,Karen Williams,karen.williams206@gmail.com,917-555-0206,Renter,Buy
639,640 Washington St,Jersey City,NJ,07302,Downtown Jersey City,Single Family,3,2.2,3491,"$3,627,149","$3,712,541",2025-03-14,Closed,Michael Anderson,michael.anderson13@dreamhomes.com,212-555-0013,Jersey City Financial Center,Amanda Martinez,amanda.martinez141@gmail.com,917-555-0141,Buyer,Lease
640,824 Broadway,Greenwich,ct,06830,Stamford Downtown,Single Family,4,3.0,3772,"$3,213,744","$3,062,498",2025-07-20,Closed,Brian Martin,brian.martin5@dreamhomes.com,212-555-0005,Greenwich Gold Coast Office,Joshua Williams,joshua.williams247@gmail.com,917-555-0247,Renter,Lease
641,330 Grand St,Jersey City,NJ,07302,Paulus Hook,Single Family,1,1.8,1169,"$1,296,421","$1,271,721",2025-04-14,Closed,Donna Harris,donna.harris8@dreamhomes.com,212-555-0008,Jersey City Financial Center,Betty Hernandez,betty.hernandez173@gmail.com,917-555-0173,Seller,Buy
642,292 Broadway,Greenwich,CT,06830,Greenwich Harbor,Co-op,1,1.2,1933,"$3,005,815",$0,2025-04-10,Active,Emily Wilson,emily.wilson30@dreamhomes.com,212-555-0030,Greenwich Gold Coast Office,Michael Sanchez,michael.sanchez272@gmail.com,917-555-0272,Seller,Sell
643,229 Park Ave,New York,NY,10012,SoHo,Multi-Family,3,3.2,1601,"$3,925,652",$0,2025-05-06,Active,Kenneth Lee,kenneth.lee21@dreamhomes.com,212-555-0021,Manhattan Flagship Office,Elizabeth Jones,elizabeth.jones237@gmail.com,917-555-0237,Buyer,Lease
644,520 Broadway,Hoboken,NJ,07030,Hoboken Waterfront,Townhouse,2,2.0,997,"$1,171,475","$1,135,009",2025-02-16,Closed,Amanda Anderson,amanda.anderson9@dreamhomes.com,212-555-0009,Hoboken Uptown Office,David Lee,david.lee133@gmail.com,917-555-0133,Renter,Lease
645,939 Ocean Ave,Jersey City,NJ,07302,Paulus Hook,Co-op,6,4.5,2629,"$2,954,996","$2,840,886",2025-01-21,Closed,Nancy Williams,nancy.williams23@dreamhomes.com,212-555-0023,Jersey City Financial Center,Carol Hernandez,carol.hernandez275@gmail.com,917-555-0275,Investor,Lease
646,128 5th Ave,New York,NY,11201,Williamsburg,Co-op,5,3.8,3333,"$4,672,866","$4,577,340",2025-06-08,Closed,Betty Rodriguez,betty.rodriguez17@dreamhomes.com,212-555-0017,Brooklyn Waterfront Office,Mary Johnson,mary.johnson287@gmail.com,917-555-0287,Buyer,Sell
647,360 Ocean Ave,Jersey City,NJ,07302,Paulus Hook,Co-op,3,2.2,2612,"$2,941,112","$2,999,103",2025-07-08,Closed,Mary Ramirez,mary.ramirez28@dreamhomes.com,212-555-0028,Jersey City Financial Center,Patricia Clark,patricia.clark46@gmail.com,917-555-0046,Investor,Buy
648,768 5th Ave,Hoboken,nj,07030,Hoboken Waterfront,Co-op,6,5.5,3574,"$4,049,342","$4,038,255",2025-01-06,Closed,Joseph Lewis,joseph.lewis4@dreamhomes.com,212-555-0004,Hoboken Uptown Office,Amanda Thomas,amanda.thomas297@gmail.com,917-555-0297,Renter,Lease
649,283 Grand St,Jersey City,NJ,07302,Paulus Hook,Single Family,1,0.8,1281,"$1,415,505","$1,424,274",2025-02-14,Closed,Mary Ramirez,mary.ramirez28@dreamhomes.com,212-555-0028,Jersey City Financial Center,Jessica Brown,jessica.brown33@gmail.com,917-555-0033,Buyer,Buy
650,409 5th Ave,Jersey City,NJ,07302,Paulus Hook,Townhouse,2,2.5,3435,"$3,936,510",$0,2025-07-18,Pending,Donna Harris,donna.harris8@dreamhomes.com,212-555-0008,Jersey City Financial Center,Barbara Moore,barbara.moore121@gmail.com,917-555-0121,Buyer,Sell
651,553 Broadway,Jersey City,NJ,07302,Paulus Hook,Townhouse,6,5.0,2099,"$2,187,158","$2,155,351",2025-05-26,Closed,Daniel Robinson,daniel.robinson18@dreamhomes.com,212-555-0018,Jersey City Financial Center,Mary Martinez,mary.martinez91@gmail.com,917-555-0091,Buyer,Buy
652,437 Ocean Ave,New York,NY,10012,Tribeca,Multi-Family,3,2.2,2611,"$6,018,355","$5,865,900",2025-03-11,Closed,Kenneth Lee,kenneth.lee21@dreamhomes.com,212-555-0021,Manhattan Flagship Office,Carol Hernandez,carol.hernandez275@gmail.com,917-555-0275,Investor,Sell
653,647 Park Ave,Greenwich,CT,06830,Greenwich Harbor,Townhouse,1,1.8,911,"$1,410,228",$0,2025-05-12,Pending,Charles Martinez,charles.martinez25@dreamhomes.com,212-555-0025,Greenwich Gold Coast Office,Kevin Davis,kevin.davis6@gmail.com,917-555-0006,Seller,Lease
654,139 Park Ave,New York,NY,11201,DUMBO,Co-op,6,5.0,2733,"$4,788,216","$4,757,912",2025-04-08,Closed,Kevin Moore,kevin.moore7@dreamhomes.com,212-555-0007,Brooklyn Waterfront Office,Kenneth Taylor,kenneth.taylor224@gmail.com,917-555-0224,Investor,Buy
655,60 Broadway,Hoboken,NJ,07030,Hoboken Waterfront,Condo,6,4.5,3559,"$3,978,962","$3,860,597",2025-01-30,Closed,James Clark,james.clark14@dreamhomes.com,212-555-0014,Hoboken Uptown Office,Karen Thomas,karen.thomas290@gmail.com,917-555-0290,Seller,Sell
656,907 Washington St,New York,ny,10012,Upper East Side,Townhouse,1,0.8,3504,"$6,734,688","$6,863,435",2025-03-24,Closed,Carol Wilson,carol.wilson6@dreamhomes.com,212-555-0006,Manhattan Flagship Office,Susan Thompson,susan.thompson315@gmail.com,917-555-0315,Buyer,Lease
657,505 Washington St,Hoboken,NJ,07030,Hoboken Waterfront,Townhouse,6,5.5,944,"$1,052,560","$1,060,550",2025-02-17,Closed,Amanda Anderson,amanda.anderson9@dreamhomes.com,212-555-0009,Hoboken Uptown Office,Christopher Taylor,christopher.taylor69@gmail.com,917-555-0069,Renter,Sell
658,408 5th Ave,New York,NY,10012,SoHo,Condo,4,3.5,1177,"$2,853,048",$0,2025-03-23,Active,Christopher Miller,christopher.miller16@dreamhomes.com,212-555-0016,Manhattan Flagship Office,Sarah Miller,sarah.miller322@gmail.com,917-555-0322,Buyer,Lease
659,771 5th Ave,Hoboken,NJ,07030,Hoboken Waterfront,Townhouse,1,1.2,3451,"$4,117,043","$4,061,615",2025-01-26,Closed,Amanda Anderson,amanda.anderson9@dreamhomes.com,212-555-0009,Hoboken Uptown Office,Christopher Harris,christopher.harris93@gmail.com,917-555-0093,Renter,Sell
660,117 Ocean Ave,Jersey City,NJ,07302,Downtown Jersey City,Townhouse,1,0.8,2134,"$2,358,070",$0,2025-04-05,Active,Mary Ramirez,mary.ramirez28@dreamhomes.com,212-555-0028,Jersey City Financial Center,Anthony Perez,anthony.perez345@gmail.com,917-555-0345,Investor,Sell
661,749 Broadway,New York,NY,11201,Williamsburg,Co-op,3,2.8,1787,"$2,550,049","$2,552,781",2025-05-09,Closed,Betty Rodriguez,betty.rodriguez17@dreamhomes.com,212-555-0017,Brooklyn Waterfront Office,Donna Anderson,donna.anderson51@gmail.com,917-555-0051,Seller,Sell
662,712 Ocean Ave,New York,NY,11201,DUMBO,Townhouse,1,0.8,3666,"$6,393,504","$6,174,649",2025-03-18,Closed,Kenneth Taylor,kenneth.taylor2@dreamhomes.com,212-555-0002,Brooklyn Waterfront Office,Betty Smith,betty.smith269@gmail.com,917-555-0269,Renter,Sell
663,819 Ocean Ave,Jersey City,NJ,07302,Downtown Jersey City,Single Family,6,5.5,2683,"$2,766,173","$2,789,698",2025-06-14,Closed,Daniel Robinson,daniel.robinson18@dreamhomes.com,212-555-0018,Jersey City Financial Center,Richard Sanchez,richard.sanchez174@gmail.com,917-555-0174,Renter,Sell
664,477 Park Ave,New York,ny,10012,Tribeca,Townhouse,4,3.5,1560,"$3,753,360","$3,620,695",2025-03-18,Closed,Melissa Williams,melissa.williams11@dreamhomes.com,212-555-0011,Manhattan Flagship Office,Lisa Williams,lisa.williams157@gmail.com,917-555-0157,Investor,Sell
665,707 Park Ave,Hoboken,NJ,07030,Hoboken Waterfront,Multi-Family,6,4.5,2013,"$2,272,677","$2,207,527",2025-06-03,Closed,Lisa Lopez,lisa.lopez29@dreamhomes.com,212-555-0029,Hoboken Uptown Office,Thomas Ramirez,thomas.ramirez228@gmail.com,917-555-0228,Renter,Buy
666,871 5th Ave,New York,NY,11201,DUMBO,Condo,3,2.8,1558,"$2,714,036","$2,783,288",2025-01-23,Closed,Kevin Moore,kevin.moore7@dreamhomes.com,212-555-0007,Brooklyn Waterfront Office,Anthony Jackson,anthony.jackson4@gmail.com,917-555-0004,Renter,Lease
667,434 5th Ave,New York,NY,10012,Upper East Side,Multi-Family,6,5.0,2002,"$3,753,750",$0,2025-04-07,Active,Christopher Miller,christopher.miller16@dreamhomes.com,212-555-0016,Manhattan Flagship Office,David Brown,david.brown82@gmail.com,917-555-0082,Buyer,Sell
668,842 Broadway,New York,NY,11201,Williamsburg,Co-op,1,1.2,2460,"$3,581,760","$3,547,016",2025-06-11,Closed,Robert White,robert.white22@dreamhomes.com,212-555-0022,Brooklyn Waterfront Office,Carol Hernandez,carol.hernandez275@gmail.com,917-555-0275,Investor,Buy
669,244 5th Ave,Hoboken,NJ,07030,Hoboken Waterfront,Condo,6,5.5,2550,"$3,200,250","$3,237,915",2025-02-05,Closed,Daniel Sanchez,daniel.sanchez19@dreamhomes.com,212-555-0019,Hoboken Uptown Office,Sarah Martinez,sarah.martinez278@gmail.com,917-555-0278,Buyer,Lease
670,434 5th Ave,New York,NY,10012,Upper East Side,Condo,3,2.8,3554,"$6,773,924","$6,886,788",2025-05-13,Closed,Carol Wilson,carol.wilson6@dreamhomes.com,212-555-0006,Manhattan Flagship Office,Richard Lopez,richard.lopez218@gmail.com,917-555-0218,Investor,Sell
671,696 Ocean Ave,Greenwich,CT,06830,Greenwich Harbor,Co-op,3,3.2,4092,"$6,567,660",$0,2025-06-09,Active,Matthew White,matthew.white20@dreamhomes.com,212-555-0020,Greenwich Gold Coast Office,Charles Moore,charles.moore148@gmail.com,917-555-0148,Investor,Buy
672,301 Broadway,Jersey City,nj,07302,Paulus Hook,Condo,6,5.0,3346,"$3,342,654","$3,387,187",2025-02-02,Closed,Nancy Williams,nancy.williams23@dreamhomes.com,212-555-0023,Jersey City Financial Center,John Rodriguez,john.rodriguez238@gmail.com,917-555-0238,Investor,Buy
673,885 Broadway,New York,NY,10012,Tribeca,Co-op,2,2.5,3925,"$9,714,375",$0,2025-04-13,Pending,Emily Clark,emily.clark1@dreamhomes.com,212-555-0001,Manhattan Flagship Office,Jennifer Wilson,jennifer.wilson40@gmail.com,917-555-0040,Seller,Lease
674,370 Park Ave,Jersey City,NJ,07302,Paulus Hook,Condo,2,2.5,1186,"$1,149,234","$1,182,745",2025-06-03,Closed,Daniel Robinson,daniel.robinson18@dreamhomes.com,212-555-0018,Jersey City Financial Center,Daniel White,daniel.white83@gmail.com,917-555-0083,Seller,Sell
675,164 Park Ave,Hoboken,NJ,07030,Hoboken Waterfront,Multi-Family,5,3.8,1311,"$1,476,186","$1,455,046",2025-04-27,Closed,Daniel Sanchez,daniel.sanchez19@dreamhomes.com,212-555-0019,Hoboken Uptown Office,Daniel Wilson,daniel.wilson176@gmail.com,917-555-0176,Renter,Buy
676,11 Ocean Ave,Greenwich,CT,06830,Greenwich Harbor,Single Family,6,4.5,2038,"$3,207,812","$3,214,543",2025-04-30,Closed,Matthew White,matthew.white20@dreamhomes.com,212-555-0020,Greenwich Gold Coast Office,Joseph Harris,joseph.harris113@gmail.com,917-555-0113,Seller,Sell
677,451 Grand St,Greenwich,CT,06830,Stamford Downtown,Single Family,3,3.2,938,"$888,286","$860,757",2025-05-16,Closed,Matthew White,matthew.white20@dreamhomes.com,212-555-0020,Greenwich Gold Coast Office,Andrew Thompson,andrew.thompson59@gmail.com,917-555-0059,Buyer,Buy
678,500 5th Ave,Hoboken,NJ,07030,Hoboken Waterfront,Single Family,6,5.0,3578,"$4,336,536","$4,274,784",2025-02-12,Closed,James Clark,james.clark14@dreamhomes.com,212-555-0014,Hoboken Uptown Office,Robert Lee,robert.lee26@gmail.com,917-555-0026,Investor,Lease
679,767 Park Ave,Hoboken,NJ,07030,Hoboken Waterfront,Townhouse,4,3.5,4047,"$4,678,332","$4,814,621",2025-03-03,Closed,Joseph Lewis,joseph.lewis4@dreamhomes.com,212-555-0004,Hoboken Uptown Office,Michael Anderson,michael.anderson23@gmail.com,917-555-0023,Investor,Buy
680,930 Broadway,New York,ny,10012,Tribeca,Co-op,2,1.5,1409,"$3,228,019","$3,225,555",2025-02-11,Closed,Emily Jones,emily.jones26@dreamhomes.com,212-555-0026,Manhattan Flagship Office,Matthew Smith,matthew.smith44@gmail.com,917-555-0044,Buyer,Buy
681,44 Ocean Ave,Jersey City,NJ,07302,Downtown Jersey City,Single Family,2,1.5,1253,"$1,320,662","$1,303,170",2025-03-30,Closed,Daniel Robinson,daniel.robinson18@dreamhomes.com,212-555-0018,Jersey City Financial Center,Patricia White,patricia.white100@gmail.com,917-555-0100,Renter,Sell
682,730 Washington St,Greenwich,CT,06830,Stamford Downtown,Townhouse,5,4.2,3457,"$3,211,553","$3,060,137",2025-07-03,Closed,Brian Martin,brian.martin5@dreamhomes.com,212-555-0005,Greenwich Gold Coast Office,Michael Robinson,michael.robinson229@gmail.com,917-555-0229,Seller,Lease
683,667 Park Ave,New York,NY,10012,Tribeca,Condo,1,1.8,2826,"$6,593,058","$6,673,062",2025-06-06,Closed,Carol Wilson,carol.wilson6@dreamhomes.com,212-555-0006,Manhattan Flagship Office,Carol Harris,carol.harris78@gmail.com,917-555-0078,Seller,Lease
684,826 Ocean Ave,Greenwich,CT,06830,Stamford Downtown,Single Family,1,0.8,4035,"$3,514,485","$3,360,149",2025-05-26,Closed,Emily Wilson,emily.wilson30@dreamhomes.com,212-555-0030,Greenwich Gold Coast Office,Daniel Robinson,daniel.robinson47@gmail.com,917-555-0047,Buyer,Lease
685,777 Ocean Ave,New York,NY,11201,Williamsburg,Co-op,2,2.0,4145,"$5,769,840",$0,2025-02-15,Pending,Betty Rodriguez,betty.rodriguez17@dreamhomes.com,212-555-0017,Brooklyn Waterfront Office,Michelle Lewis,michelle.lewis61@gmail.com,917-555-0061,Seller,Lease
686,860 Broadway,Jersey City,NJ,07302,Downtown Jersey City,Multi-Family,6,5.0,3917,"$4,441,878","$4,573,072",2025-06-08,Closed,Nancy Williams,nancy.williams23@dreamhomes.com,212-555-0023,Jersey City Financial Center,William Thompson,william.thompson139@gmail.com,917-555-0139,Buyer,Buy
687,703 Ocean Ave,New York,NY,10012,SoHo,Townhouse,4,4.0,3619,"$8,428,651","$8,418,550",2025-01-09,Closed,Melissa Williams,melissa.williams11@dreamhomes.com,212-555-0011,Manhattan Flagship Office,Sandra Anderson,sandra.anderson259@gmail.com,917-555-0259,Investor,Lease
688,242 Park Ave,New York,ny,11201,DUMBO,Condo,6,5.5,4192,"$7,453,376",$0,2025-05-18,Active,Kevin Moore,kevin.moore7@dreamhomes.com,212-555-0007,Brooklyn Waterfront Office,Thomas Sanchez,thomas.sanchez116@gmail.com,917-555-0116,Seller,Buy
689,809 Park Ave,Hoboken,NJ,07030,Hoboken Waterfront,Single Family,3,2.2,3985,"$5,025,085","$4,841,789",2025-03-07,Closed,Amanda Anderson,amanda.anderson9@dreamhomes.com,212-555-0009,Hoboken Uptown Office,Thomas Sanchez,thomas.sanchez116@gmail.com,917-555-0116,Seller,Lease
690,318 Ocean Ave,Hoboken,NJ,07030,Hoboken Waterfront,Townhouse,5,3.8,2171,"$2,694,211","$2,678,113",2025-06-27,Closed,Amanda Anderson,amanda.anderson9@dreamhomes.com,212-555-0009,Hoboken Uptown Office,Lisa Williams,lisa.williams157@gmail.com,917-555-0157,Investor,Sell
691,583 5th Ave,Hoboken,NJ,07030,Hoboken Waterfront,Single Family,3,3.2,3380,"$4,099,940","$4,071,591",2025-05-01,Closed,Carol Moore,carol.moore24@dreamhomes.com,212-555-0024,Hoboken Uptown Office,Richard Lopez,richard.lopez218@gmail.com,917-555-0218,Investor,Buy
692,973 Washington St,New York,NY,10012,SoHo,Townhouse,5,3.8,2550,"$6,362,250","$6,547,177",2025-05-22,Closed,Melissa Williams,melissa.williams11@dreamhomes.com,212-555-0011,Manhattan Flagship Office,Michelle Perez,michelle.perez207@gmail.com,917-555-0207,Seller,Sell
693,671 5th Ave,New York,NY,11201,DUMBO,Co-op,3,2.2,4023,"$7,156,917","$6,970,353",2025-03-17,Closed,Kevin Martinez,kevin.martinez27@dreamhomes.com,212-555-0027,Brooklyn Waterfront Office,Richard Sanchez,richard.sanchez174@gmail.com,917-555-0174,Renter,Buy
694,774 Washington St,New York,NY,10012,Tribeca,Multi-Family,6,5.5,3446,"$8,508,174","$8,421,730",2025-03-02,Closed,Carol Wilson,carol.wilson6@dreamhomes.com,212-555-0006,Manhattan Flagship Office,Kenneth Perez,kenneth.perez222@gmail.com,917-555-0222,Investor,Buy
695,240 Grand St,New York,NY,10012,SoHo,Multi-Family,6,4.5,3198,"$7,972,614","$8,206,918",2025-03-06,Closed,Carol Wilson,carol.wilson6@dreamhomes.com,212-555-0006,Manhattan Flagship Office,William Lee,william.lee120@gmail.com,917-555-0120,Buyer,Sell
696,602 Grand St,Greenwich,ct,06830,Greenwich Harbor,Multi-Family,4,3.0,1825,"$3,007,600","$2,902,499",2025-06-06,Closed,Matthew White,matthew.white20@dreamhomes.com,212-555-0020,Greenwich Gold Coast Office,David Taylor,david.taylor253@gmail.com,917-555-0253,Seller,Sell
697,739 Washington St,New York,NY,11201,Williamsburg,Single Family,5,4.2,1879,"$2,532,892","$2,521,727",2025-06-08,Closed,Kevin Martinez,kevin.martinez27@dreamhomes.com,212-555-0027,Brooklyn Waterfront Office,Anthony Rodriguez,anthony.rodriguez119@gmail.com,917-555-0119,Investor,Sell
698,953 Washington St,Hoboken,NJ,07030,Hoboken Waterfront,Single Family,2,2.0,1002,"$1,213,422","$1,246,763",2025-04-01,Closed,James Clark,james.clark14@dreamhomes.com,212-555-0014,Hoboken Uptown Office,Carol Davis,carol.davis273@gmail.com,917-555-0273,Investor,Sell
699,590 Grand St,Greenwich,CT,06830,Greenwich Harbor,Condo,1,0.8,1837,"$3,027,376","$2,982,288",2025-04-29,Closed,Matthew White,matthew.white20@dreamhomes.com,212-555-0020,Greenwich Gold Coast Office,Matthew Lewis,matthew.lewis45@gmail.com,917-555-0045,Buyer,Sell
700,264 Grand St,Greenwich,CT,06830,Stamford Downtown,Townhouse,5,3.8,869,"$678,689","$645,689",2025-01-18,Closed,Jessica Smith,jessica.smith10@dreamhomes.com,212-555-0010,Greenwich Gold Coast Office,James Wilson,james.wilson331@gmail.com,917-555-0331,Renter,Lease
701,75 Washington St,New York,NY,11201,DUMBO,Single Family,4,3.0,1591,"$2,726,974",$0,2025-04-06,Pending,Kevin Moore,kevin.moore7@dreamhomes.com,212-555-0007,Brooklyn Waterfront Office,Kenneth Taylor,kenneth.taylor5@gmail.com,917-555-0005,Buyer,Sell
702,357 Grand St,Jersey City,NJ,07302,Downtown Jersey City,Multi-Family,2,2.5,1178,"$1,342,920","$1,305,997",2025-07-18,Closed,Mary Ramirez,mary.ramirez28@dreamhomes.com,212-555-0028,Jersey City Financial Center,Charles Clark,charles.clark15@gmail.com,917-555-0015,Investor,Buy
703,728 Park Ave,Hoboken,NJ,07030,Hoboken Waterfront,Multi-Family,2,1.5,1864,"$2,072,768","$2,015,143",2025-05-27,Closed,Amanda Anderson,amanda.anderson9@dreamhomes.com,212-555-0009,Hoboken Uptown Office,Carol Garcia,carol.garcia307@gmail.com,917-555-0307,Renter,Sell
704,319 Washington St,Jersey City,nj,07302,Paulus Hook,Condo,2,2.0,2831,"$2,975,381",$0,2025-05-03,Pending,Michael Anderson,michael.anderson13@dreamhomes.com,212-555-0013,Jersey City Financial Center,Jennifer Lewis,jennifer.lewis262@gmail.com,917-555-0262,Seller,Buy
705,145 Park Ave,New York,NY,10012,Upper East Side,Townhouse,6,5.5,3268,"$6,323,580",$0,2025-07-11,Pending,Carol Wilson,carol.wilson6@dreamhomes.com,212-555-0006,Manhattan Flagship Office,Kevin Brown,kevin.brown281@gmail.com,917-555-0281,Renter,Sell
706,19 Ocean Ave,Hoboken,NJ,07030,Hoboken Waterfront,Townhouse,4,3.0,1174,"$1,483,936","$1,520,985",2025-04-01,Closed,James Clark,james.clark14@dreamhomes.com,212-555-0014,Hoboken Uptown Office,Mary Johnson,mary.johnson287@gmail.com,917-555-0287,Buyer,Lease
707,390 Ocean Ave,New York,NY,11201,Williamsburg,Condo,6,5.0,2449,"$3,350,232","$3,428,638",2025-05-31,Closed,Kevin Martinez,kevin.martinez27@dreamhomes.com,212-555-0027,Brooklyn Waterfront Office,Richard White,richard.white28@gmail.com,917-555-0028,Renter,Buy
708,10 Washington St,Hoboken,NJ,07030,Hoboken Waterfront,Single Family,6,5.5,1086,"$1,339,038","$1,283,498",2025-03-18,Closed,Amanda Anderson,amanda.anderson9@dreamhomes.com,212-555-0009,Hoboken Uptown Office,John Lee,john.lee57@gmail.com,917-555-0057,Buyer,Buy
709,267 5th Ave,Hoboken,NJ,07030,Hoboken Waterfront,Townhouse,3,3.2,1945,"$2,524,610","$2,542,848",2025-04-30,Closed,Joseph Lewis,joseph.lewis4@dreamhomes.com,212-555-0004,Hoboken Uptown Office,Nancy Lopez,nancy.lopez212@gmail.com,917-555-0212,Investor,Lease
710,639 Grand St,New York,NY,11201,Williamsburg,Condo,3,3.2,1474,"$2,199,208","$2,187,867",2025-03-18,Closed,Betty Rodriguez,betty.rodriguez17@dreamhomes.com,212-555-0017,Brooklyn Waterfront Office,Brian Thomas,brian.thomas213@gmail.com,917-555-0213,Investor,Buy
711,909 Ocean Ave,Greenwich,CT,06830,Greenwich Harbor,Single Family,5,3.8,4035,"$6,528,630","$6,601,733",2025-05-30,Closed,Matthew White,matthew.white20@dreamhomes.com,212-555-0020,Greenwich Gold Coast Office,Betty Hernandez,betty.hernandez173@gmail.com,917-555-0173,Seller,Lease
712,519 Park Ave,Jersey City,nj,07302,Paulus Hook,Multi-Family,3,2.8,3721,"$4,003,796","$4,081,429",2025-02-09,Closed,Nancy Williams,nancy.williams23@dreamhomes.com,212-555-0023,Jersey City Financial Center,Joshua Hernandez,joshua.hernandez105@gmail.com,917-555-0105,Seller,Lease
713,426 Park Ave,New York,NY,10012,Tribeca,Condo,6,5.0,1297,"$3,002,555","$2,866,971",2025-05-21,Closed,Carol Wilson,carol.wilson6@dreamhomes.com,212-555-0006,Manhattan Flagship Office,Amanda Moore,amanda.moore31@gmail.com,917-555-0031,Buyer,Buy
714,572 Park Ave,Jersey City,NJ,07302,Downtown Jersey City,Townhouse,6,5.5,3343,"$3,386,459","$3,397,583",2025-06-12,Closed,Mary Ramirez,mary.ramirez28@dreamhomes.com,212-555-0028,Jersey City Financial Center,Charles Moore,charles.moore148@gmail.com,917-555-0148,Investor,Buy
715,272 5th Ave,New York,NY,11201,DUMBO,Co-op,5,3.8,1698,"$2,845,848",$0,2025-05-03,Active,Robert White,robert.white22@dreamhomes.com,212-555-0022,Brooklyn Waterfront Office,Daniel Williams,daniel.williams338@gmail.com,917-555-0338,Seller,Lease
716,869 Grand St,New York,NY,11201,Williamsburg,Townhouse,2,2.5,1334,"$1,779,556","$1,783,002",2025-03-12,Closed,Kenneth Taylor,kenneth.taylor2@dreamhomes.com,212-555-0002,Brooklyn Waterfront Office,Mary Lopez,mary.lopez75@gmail.com,917-555-0075,Seller,Sell
717,988 Park Ave,Greenwich,CT,06830,Stamford Downtown,Multi-Family,1,0.8,1069,"$948,203",$0,2025-06-16,Pending,Emily Wilson,emily.wilson30@dreamhomes.com,212-555-0030,Greenwich Gold Coast Office,Betty Hernandez,betty.hernandez95@gmail.com,917-555-0095,Seller,Lease
718,800 Park Ave,Greenwich,CT,06830,Stamford Downtown,Condo,4,4.0,3405,"$2,771,670","$2,723,147",2025-05-08,Closed,Jessica Smith,jessica.smith10@dreamhomes.com,212-555-0010,Greenwich Gold Coast Office,Thomas Harris,thomas.harris169@gmail.com,917-555-0169,Seller,Lease
719,222 Ocean Ave,Hoboken,NJ,07030,Hoboken Waterfront,Townhouse,6,4.5,1662,"$1,997,724","$1,944,058",2025-02-16,Closed,Carol Moore,carol.moore24@dreamhomes.com,212-555-0024,Hoboken Uptown Office,Nancy Lee,nancy.lee123@gmail.com,917-555-0123,Investor,Sell
720,95 5th Ave,Greenwich,ct,06830,Stamford Downtown,Single Family,1,0.8,2455,"$1,993,460","$1,925,401",2025-02-23,Closed,Charles Martinez,charles.martinez25@dreamhomes.com,212-555-0025,Greenwich Gold Coast Office,Jennifer Davis,jennifer.davis330@gmail.com,917-555-0330,Buyer,Lease
721,839 Broadway,New York,NY,11201,DUMBO,Co-op,4,4.0,3727,"$6,462,618","$6,515,237",2025-05-05,Closed,Betty Rodriguez,betty.rodriguez17@dreamhomes.com,212-555-0017,Brooklyn Waterfront Office,Daniel Moore,daniel.moore76@gmail.com,917-555-0076,Seller,Sell
722,703 5th Ave,New York,NY,11201,DUMBO,Single Family,2,2.5,2427,"$4,072,506","$4,105,252",2025-04-09,Closed,Linda Martinez,linda.martinez12@dreamhomes.com,212-555-0012,Brooklyn Waterfront Office,Patricia Perez,patricia.perez124@gmail.com,917-555-0124,Buyer,Sell
723,812 5th Ave,Hoboken,NJ,07030,Hoboken Waterfront,Condo,5,4.8,1504,"$1,768,704","$1,686,512",2025-05-08,Closed,Amanda Anderson,amanda.anderson9@dreamhomes.com,212-555-0009,Hoboken Uptown Office,Barbara Jones,barbara.jones239@gmail.com,917-555-0239,Investor,Buy
724,284 Washington St,New York,NY,11201,DUMBO,Townhouse,2,2.0,2691,"$4,730,778","$4,613,346",2025-05-06,Closed,Kevin Moore,kevin.moore7@dreamhomes.com,212-555-0007,Brooklyn Waterfront Office,Patricia White,patricia.white100@gmail.com,917-555-0100,Renter,Lease
725,37 Ocean Ave,New York,NY,10012,SoHo,Co-op,5,4.2,2001,"$4,668,333","$4,576,835",2025-05-22,Closed,Kenneth Lee,kenneth.lee21@dreamhomes.com,212-555-0021,Manhattan Flagship Office,David Hernandez,david.hernandez170@gmail.com,917-555-0170,Renter,Lease
726,336 Park Ave,New York,NY,11201,DUMBO,Townhouse,4,3.0,3930,"$6,555,240","$6,265,706",2025-07-20,Closed,Linda Martinez,linda.martinez12@dreamhomes.com,212-555-0012,Brooklyn Waterfront Office,Betty Thompson,betty.thompson127@gmail.com,917-555-0127,Investor,Buy
727,93 Grand St,Jersey City,NJ,07302,Downtown Jersey City,Single Family,6,4.5,2319,"$2,502,201","$2,490,374",2025-01-02,Closed,Daniel Robinson,daniel.robinson18@dreamhomes.com,212-555-0018,Jersey City Financial Center,Thomas Wilson,thomas.wilson89@gmail.com,917-555-0089,Buyer,Sell
728,363 Park Ave,Jersey City,nj,07302,Downtown Jersey City,Condo,5,4.2,1636,"$1,776,696",$0,2025-06-15,Active,Michael Anderson,michael.anderson13@dreamhomes.com,212-555-0013,Jersey City Financial Center,Sarah Martinez,sarah.martinez278@gmail.com,917-555-0278,Buyer,Sell
729,216 5th Ave,Jersey City,NJ,07302,Downtown Jersey City,Co-op,5,4.2,2154,"$2,175,540",$0,2025-05-24,Active,Nancy Williams,nancy.williams23@dreamhomes.com,212-555-0023,Jersey City Financial Center,Thomas Thompson,thomas.thompson19@gmail.com,917-555-0019,Renter,Sell
730,211 5th Ave,Jersey City,NJ,07302,Downtown Jersey City,Co-op,3,3.2,4197,"$4,356,486","$4,333,422",2025-01-11,Closed,Michael Lewis,michael.lewis3@dreamhomes.com,212-555-0003,Jersey City Financial Center,Kenneth Moore,kenneth.moore171@gmail.com,917-555-0171,Investor,Lease
731,170 Park Ave,Greenwich,CT,06830,Greenwich Harbor,Co-op,6,5.0,1943,"$2,893,127","$2,978,982",2025-07-16,Closed,Brian Martin,brian.martin5@dreamhomes.com,212-555-0005,Greenwich Gold Coast Office,Joshua Ramirez,joshua.ramirez258@gmail.com,917-555-0258,Renter,Sell
732,251 Park Ave,Hoboken,NJ,07030,Hoboken Waterfront,Townhouse,5,3.8,4098,"$5,290,518","$5,366,975",2025-01-11,Closed,Joseph Lewis,joseph.lewis4@dreamhomes.com,212-555-0004,Hoboken Uptown Office,David Rodriguez,david.rodriguez87@gmail.com,917-555-0087,Investor,Lease
733,123 Grand St,New York,NY,10012,Upper East Side,Single Family,1,0.8,2686,"$5,028,192","$4,940,066",2025-01-10,Closed,Emily Jones,emily.jones26@dreamhomes.com,212-555-0026,Manhattan Flagship Office,Christopher Thompson,christopher.thompson291@gmail.com,917-555-0291,Renter,Buy
734,690 Broadway,New York,NY,10012,SoHo,Single Family,4,3.0,4027,"$9,805,745",$0,2025-06-22,Active,Melissa Williams,melissa.williams11@dreamhomes.com,212-555-0011,Manhattan Flagship Office,Sarah Martinez,sarah.martinez278@gmail.com,917-555-0278,Buyer,Sell
735,375 Washington St,Jersey City,NJ,07302,Downtown Jersey City,Co-op,1,1.8,3677,"$4,132,948","$4,090,302",2025-04-19,Closed,Mary Ramirez,mary.ramirez28@dreamhomes.com,212-555-0028,Jersey City Financial Center,Jessica Garcia,jessica.garcia334@gmail.com,917-555-0334,Seller,Sell
736,407 Park Ave,Hoboken,nj,07030,Hoboken Waterfront,Single Family,2,2.0,3835,"$4,555,980","$4,678,850",2025-07-17,Closed,Daniel Sanchez,daniel.sanchez19@dreamhomes.com,212-555-0019,Hoboken Uptown Office,Joshua Hernandez,joshua.hernandez105@gmail.com,917-555-0105,Seller,Lease
737,214 Washington St,Greenwich,CT,06830,Greenwich Harbor,Multi-Family,5,3.8,1094,"$1,660,692",$0,2025-02-25,Active,Donna Perez,donna.perez15@dreamhomes.com,212-555-0015,Greenwich Gold Coast Office,Jennifer Anderson,jennifer.anderson276@gmail.com,917-555-0276,Renter,Sell
738,96 Ocean Ave,Jersey City,NJ,07302,Paulus Hook,Townhouse,3,2.2,2022,"$2,139,276","$2,160,805",2025-03-15,Closed,Donna Harris,donna.harris8@dreamhomes.com,212-555-0008,Jersey City Financial Center,Barbara Smith,barbara.smith192@gmail.com,917-555-0192,Investor,Sell
739,70 Ocean Ave,Jersey City,NJ,07302,Paulus Hook,Co-op,1,0.8,3879,"$4,057,434","$4,109,670",2025-04-17,Closed,Mary Ramirez,mary.ramirez28@dreamhomes.com,212-555-0028,Jersey City Financial Center,Matthew Smith,matthew.smith44@gmail.com,917-555-0044,Buyer,Sell
740,365 Broadway,Jersey City,NJ,07302,Downtown Jersey City,Townhouse,6,5.0,3061,"$3,550,760","$3,652,136",2025-07-07,Closed,Michael Anderson,michael.anderson13@dreamhomes.com,212-555-0013,Jersey City Financial Center,Jennifer Smith,jennifer.smith30@gmail.com,917-555-0030,Renter,Buy
741,806 Broadway,New York,NY,11201,DUMBO,Co-op,1,1.8,1614,"$2,834,184",$0,2025-03-23,Pending,Kenneth Taylor,kenneth.taylor2@dreamhomes.com,212-555-0002,Brooklyn Waterfront Office,William Moore,william.moore37@gmail.com,917-555-0037,Seller,Lease
742,834 Ocean Ave,New York,NY,10012,SoHo,Condo,5,4.2,2328,"$5,698,944","$5,582,977",2025-07-02,Closed,Emily Jones,emily.jones26@dreamhomes.com,212-555-0026,Manhattan Flagship Office,Jessica Thomas,jessica.thomas125@gmail.com,917-555-0125,Buyer,Lease
743,355 Ocean Ave,Greenwich,CT,06830,Stamford Downtown,Condo,3,2.2,4094,"$3,615,002","$3,590,906",2025-04-04,Closed,Matthew White,matthew.white20@dreamhomes.com,212-555-0020,Greenwich Gold Coast Office,Emily Martin,emily.martin54@gmail.com,917-555-0054,Seller,Buy
744,780 Grand St,Hoboken,nj,07030,Hoboken Waterfront,Condo,1,1.2,2036,"$2,316,968","$2,384,674",2025-04-30,Closed,Joseph Lewis,joseph.lewis4@dreamhomes.com,212-555-0004,Hoboken Uptown Office,Brian Lee,brian.lee151@gmail.com,917-555-0151,Renter,Lease
745,383 Grand St,Hoboken,NJ,07030,Hoboken Waterfront,Condo,3,2.2,3801,"$4,895,688",$0,2025-04-13,Pending,Lisa Lopez,lisa.lopez29@dreamhomes.com,212-555-0029,Hoboken Uptown Office,Karen Thomas,karen.thomas290@gmail.com,917-555-0290,Seller,Buy
746,297 5th Ave,Greenwich,CT,06830,Greenwich Harbor,Townhouse,3,2.2,4005,"$5,919,390","$6,021,623",2025-06-18,Closed,Donna Perez,donna.perez15@dreamhomes.com,212-555-0015,Greenwich Gold Coast Office,James Johnson,james.johnson16@gmail.com,917-555-0016,Seller,Sell
747,73 Grand St,Greenwich,CT,06830,Greenwich Harbor,Condo,2,2.5,3926,"$6,089,226","$5,935,400",2025-01-25,Closed,Emily Wilson,emily.wilson30@dreamhomes.com,212-555-0030,Greenwich Gold Coast Office,Andrew Taylor,andrew.taylor298@gmail.com,917-555-0298,Buyer,Lease
748,240 Grand St,New York,NY,11201,DUMBO,Condo,3,2.2,2138,"$3,711,568","$3,633,311",2025-06-23,Closed,Kenneth Taylor,kenneth.taylor2@dreamhomes.com,212-555-0002,Brooklyn Waterfront Office,Linda Perez,linda.perez97@gmail.com,917-555-0097,Investor,Buy
749,126 Grand St,Jersey City,NJ,07302,Downtown Jersey City,Townhouse,1,1.8,2532,"$2,926,992","$2,798,812",2025-05-30,Closed,Nancy Williams,nancy.williams23@dreamhomes.com,212-555-0023,Jersey City Financial Center,Kenneth Rodriguez,kenneth.rodriguez200@gmail.com,917-555-0200,Investor,Sell
750,177 Grand St,Hoboken,NJ,07030,Hoboken Waterfront,Multi-Family,3,3.2,3425,"$4,390,850","$4,472,635",2025-01-22,Closed,Lisa Lopez,lisa.lopez29@dreamhomes.com,212-555-0029,Hoboken Uptown Office,Kenneth Brown,kenneth.brown143@gmail.com,917-555-0143,Buyer,Buy
751,877 5th Ave,Hoboken,NJ,07030,Hoboken Waterfront,Condo,2,1.5,1451,"$1,886,300",$0,2025-01-31,Pending,James Clark,james.clark14@dreamhomes.com,212-555-0014,Hoboken Uptown Office,Lisa Williams,lisa.williams313@gmail.com,917-555-0313,Investor,Buy
752,168 Grand St,Hoboken,nj,07030,Hoboken Waterfront,Co-op,2,2.5,3644,"$4,613,304",$0,2025-01-08,Active,Carol Moore,carol.moore24@dreamhomes.com,212-555-0024,Hoboken Uptown Office,Joseph Harris,joseph.harris113@gmail.com,917-555-0113,Seller,Buy
753,480 Washington St,Jersey City,NJ,07302,Paulus Hook,Multi-Family,6,5.5,3941,"$4,212,929",$0,2025-03-24,Pending,Mary Ramirez,mary.ramirez28@dreamhomes.com,212-555-0028,Jersey City Financial Center,Kenneth Perez,kenneth.perez222@gmail.com,917-555-0222,Investor,Lease
754,979 Grand St,Greenwich,CT,06830,Stamford Downtown,Townhouse,6,4.5,1262,"$1,075,224","$1,106,790",2025-05-10,Closed,Charles Martinez,charles.martinez25@dreamhomes.com,212-555-0025,Greenwich Gold Coast Office,Matthew Smith,matthew.smith44@gmail.com,917-555-0044,Buyer,Lease
755,96 Grand St,New York,NY,10012,Upper East Side,Townhouse,3,2.8,4037,"$7,520,931",$0,2025-04-26,Active,Kenneth Lee,kenneth.lee21@dreamhomes.com,212-555-0021,Manhattan Flagship Office,Kenneth Wilson,kenneth.wilson42@gmail.com,917-555-0042,Renter,Buy
756,961 Broadway,New York,NY,11201,DUMBO,Multi-Family,4,3.0,4186,"$7,103,642","$6,904,463",2025-01-03,Closed,Kenneth Taylor,kenneth.taylor2@dreamhomes.com,212-555-0002,Brooklyn Waterfront Office,Linda Hernandez,linda.hernandez180@gmail.com,917-555-0180,Investor,Sell
757,576 Washington St,Hoboken,NJ,07030,Hoboken Waterfront,Condo,2,1.5,2568,"$3,227,976","$3,273,721",2025-05-04,Closed,Amanda Anderson,amanda.anderson9@dreamhomes.com,212-555-0009,Hoboken Uptown Office,Linda Hernandez,linda.hernandez180@gmail.com,917-555-0180,Investor,Buy
758,283 Broadway,Greenwich,CT,06830,Greenwich Harbor,Co-op,6,5.0,2300,"$3,647,800",$0,2025-02-25,Pending,Brian Martin,brian.martin5@dreamhomes.com,212-555-0005,Greenwich Gold Coast Office,Daniel Moore,daniel.moore76@gmail.com,917-555-0076,Seller,Lease
759,885 Park Ave,Jersey City,NJ,07302,Paulus Hook,Single Family,5,4.2,2167,"$2,206,006",$0,2025-02-13,Active,Nancy Williams,nancy.williams23@dreamhomes.com,212-555-0023,Jersey City Financial Center,Jennifer Moore,jennifer.moore201@gmail.com,917-555-0201,Seller,Sell
760,140 Washington St,New York,ny,11201,Williamsburg,Condo,5,4.2,1176,"$1,648,752","$1,639,773",2025-02-14,Closed,Robert White,robert.white22@dreamhomes.com,212-555-0022,Brooklyn Waterfront Office,Lisa Lee,lisa.lee234@gmail.com,917-555-0234,Renter,Buy
761,107 5th Ave,Greenwich,CT,06830,Stamford Downtown,Single Family,2,2.5,4175,"$3,327,475","$3,340,678",2025-02-27,Closed,Jessica Smith,jessica.smith10@dreamhomes.com,212-555-0010,Greenwich Gold Coast Office,Sarah Martinez,sarah.martinez278@gmail.com,917-555-0278,Buyer,Buy
762,720 Grand St,New York,NY,10012,SoHo,Single Family,6,5.0,3954,"$9,347,256","$8,887,709",2025-05-12,Closed,Emily Clark,emily.clark1@dreamhomes.com,212-555-0001,Manhattan Flagship Office,Jennifer Gonzalez,jennifer.gonzalez1@gmail.com,917-555-0001,Renter,Sell
763,118 Grand St,New York,NY,10012,SoHo,Townhouse,6,5.0,3359,"$8,253,063","$7,932,267",2025-01-31,Closed,Emily Jones,emily.jones26@dreamhomes.com,212-555-0026,Manhattan Flagship Office,Patricia Clark,patricia.clark46@gmail.com,917-555-0046,Investor,Buy
764,768 Washington St,New York,NY,10012,Tribeca,Townhouse,1,1.2,3462,"$8,132,238","$8,295,603",2025-03-11,Closed,Emily Clark,emily.clark1@dreamhomes.com,212-555-0001,Manhattan Flagship Office,Sandra Anderson,sandra.anderson259@gmail.com,917-555-0259,Investor,Buy
765,360 Broadway,New York,NY,11201,Williamsburg,Multi-Family,4,3.0,1926,"$2,925,594","$2,791,975",2025-04-27,Closed,Kenneth Taylor,kenneth.taylor2@dreamhomes.com,212-555-0002,Brooklyn Waterfront Office,Daniel Wilson,daniel.wilson176@gmail.com,917-555-0176,Renter,Sell
766,679 Park Ave,Hoboken,NJ,07030,Hoboken Waterfront,Co-op,2,1.5,2279,"$2,921,678","$2,827,576",2025-06-28,Closed,Carol Moore,carol.moore24@dreamhomes.com,212-555-0024,Hoboken Uptown Office,Brian Perez,brian.perez205@gmail.com,917-555-0205,Seller,Buy
767,528 5th Ave,New York,NY,11201,DUMBO,Single Family,2,1.5,4004,"$6,538,532","$6,360,881",2025-05-01,Closed,Betty Rodriguez,betty.rodriguez17@dreamhomes.com,212-555-0017,Brooklyn Waterfront Office,Joseph Smith,joseph.smith117@gmail.com,917-555-0117,Buyer,Lease
768,678 5th Ave,Jersey City,nj,07302,Paulus Hook,Single Family,2,2.0,3738,"$3,939,852",$0,2025-02-11,Active,Mary Ramirez,mary.ramirez28@dreamhomes.com,212-555-0028,Jersey City Financial Center,Andrew Ramirez,andrew.ramirez195@gmail.com,917-555-0195,Renter,Buy
769,644 Washington St,Jersey City,NJ,07302,Downtown Jersey City,Co-op,5,3.8,1530,"$1,836,000",$0,2025-01-13,Pending,Donna Harris,donna.harris8@dreamhomes.com,212-555-0008,Jersey City Financial Center,Linda Garcia,linda.garcia265@gmail.com,917-555-0265,Seller,Lease
770,559 Broadway,Jersey City,NJ,07302,Downtown Jersey City,Townhouse,3,3.2,1906,"$2,230,020","$2,222,897",2025-04-27,Closed,Mary Ramirez,mary.ramirez28@dreamhomes.com,212-555-0028,Jersey City Financial Center,Sarah Martinez,sarah.martinez185@gmail.com,917-555-0185,Renter,Sell
771,570 Broadway,Jersey City,NJ,07302,Paulus Hook,Multi-Family,4,4.0,3262,"$3,209,808","$3,216,897",2025-01-01,Closed,Michael Anderson,michael.anderson13@dreamhomes.com,212-555-0013,Jersey City Financial Center,Christopher Harris,christopher.harris93@gmail.com,917-555-0093,Renter,Sell
772,852 Grand St,Jersey City,NJ,07302,Paulus Hook,Co-op,5,3.8,1837,"$2,059,277","$2,049,473",2025-05-27,Closed,Mary Ramirez,mary.ramirez28@dreamhomes.com,212-555-0028,Jersey City Financial Center,Anthony Jackson,anthony.jackson4@gmail.com,917-555-0004,Renter,Lease
773,516 Broadway,New York,NY,10012,Upper East Side,Townhouse,2,2.0,3498,"$6,201,954",$0,2025-07-12,Pending,Emily Clark,emily.clark1@dreamhomes.com,212-555-0001,Manhattan Flagship Office,Sandra Rodriguez,sandra.rodriguez179@gmail.com,917-555-0179,Investor,Buy
774,546 Park Ave,New York,NY,11201,Williamsburg,Condo,3,3.2,2249,"$3,031,652","$3,061,134",2025-06-14,Closed,Betty Rodriguez,betty.rodriguez17@dreamhomes.com,212-555-0017,Brooklyn Waterfront Office,Matthew Martinez,matthew.martinez65@gmail.com,917-555-0065,Seller,Buy
775,765 Ocean Ave,Jersey City,NJ,07302,Downtown Jersey City,Condo,6,5.5,3978,"$4,232,592","$4,301,166",2025-05-24,Closed,Donna Harris,donna.harris8@dreamhomes.com,212-555-0008,Jersey City Financial Center,Robert Harris,robert.harris167@gmail.com,917-555-0167,Buyer,Lease
776,185 Washington St,Greenwich,ct,06830,Greenwich Harbor,Single Family,1,1.2,872,"$1,372,528","$1,312,656",2025-06-21,Closed,Emily Wilson,emily.wilson30@dreamhomes.com,212-555-0030,Greenwich Gold Coast Office,Elizabeth White,elizabeth.white144@gmail.com,917-555-0144,Renter,Sell
777,301 Grand St,New York,NY,11201,DUMBO,Condo,3,2.2,3817,"$6,382,024","$6,086,561",2025-01-29,Closed,Kevin Moore,kevin.moore7@dreamhomes.com,212-555-0007,Brooklyn Waterfront Office,Donna Lewis,donna.lewis214@gmail.com,917-555-0214,Investor,Sell
778,17 5th Ave,New York,NY,10012,SoHo,Condo,4,3.0,2412,"$5,730,912","$5,726,301",2025-05-03,Closed,Kenneth Lee,kenneth.lee21@dreamhomes.com,212-555-0021,Manhattan Flagship Office,Carol Brown,carol.brown342@gmail.com,917-555-0342,Seller,Lease
779,405 5th Ave,New York,NY,11201,Williamsburg,Townhouse,6,5.5,3235,"$4,765,155","$4,842,103",2025-02-20,Closed,Betty Rodriguez,betty.rodriguez17@dreamhomes.com,212-555-0017,Brooklyn Waterfront Office,Richard Lopez,richard.lopez218@gmail.com,917-555-0218,Investor,Buy
780,827 Park Ave,New York,NY,10012,SoHo,Multi-Family,2,2.0,2897,"$7,312,028",$0,2025-01-22,Active,Emily Jones,emily.jones26@dreamhomes.com,212-555-0026,Manhattan Flagship Office,Amanda Smith,amanda.smith347@gmail.com,917-555-0347,Investor,Lease
781,166 Broadway,Hoboken,NJ,07030,Hoboken Waterfront,Co-op,5,4.2,1377,"$1,532,601","$1,487,367",2025-04-20,Closed,Amanda Anderson,amanda.anderson9@dreamhomes.com,212-555-0009,Hoboken Uptown Office,Richard Sanchez,richard.sanchez174@gmail.com,917-555-0174,Renter,Lease
782,11 Ocean Ave,Hoboken,NJ,07030,Hoboken Waterfront,Condo,5,4.2,3764,"$4,418,936","$4,206,655",2025-02-20,Closed,Lisa Lopez,lisa.lopez29@dreamhomes.com,212-555-0029,Hoboken Uptown Office,Susan Lopez,susan.lopez257@gmail.com,917-555-0257,Seller,Buy
783,129 5th Ave,New York,NY,11201,Williamsburg,Multi-Family,3,2.8,2881,"$3,837,492",$0,2025-02-27,Active,Betty Rodriguez,betty.rodriguez17@dreamhomes.com,212-555-0017,Brooklyn Waterfront Office,Betty Sanchez,betty.sanchez308@gmail.com,917-555-0308,Buyer,Buy
784,91 Broadway,New York,ny,11201,Williamsburg,Multi-Family,1,1.2,3146,"$4,199,910","$4,144,895",2025-02-14,Closed,Kevin Moore,kevin.moore7@dreamhomes.com,212-555-0007,Brooklyn Waterfront Office,David Taylor,david.taylor312@gmail.com,917-555-0312,Investor,Sell
785,881 5th Ave,Hoboken,NJ,07030,Hoboken Waterfront,Multi-Family,5,3.8,1222,"$1,467,622","$1,471,984",2025-07-15,Closed,Daniel Sanchez,daniel.sanchez19@dreamhomes.com,212-555-0019,Hoboken Uptown Office,Michelle Lewis,michelle.lewis61@gmail.com,917-555-0061,Seller,Lease
786,191 Broadway,Jersey City,NJ,07302,Paulus Hook,Townhouse,2,2.0,2377,"$2,424,540","$2,350,417",2025-04-25,Closed,Daniel Robinson,daniel.robinson18@dreamhomes.com,212-555-0018,Jersey City Financial Center,Karen Harris,karen.harris103@gmail.com,917-555-0103,Renter,Buy
787,274 Washington St,Jersey City,NJ,07302,Paulus Hook,Condo,6,4.5,1416,"$1,529,280","$1,466,303",2025-05-08,Closed,Daniel Robinson,daniel.robinson18@dreamhomes.com,212-555-0018,Jersey City Financial Center,Andrew Thompson,andrew.thompson59@gmail.com,917-555-0059,Buyer,Lease
788,274 Park Ave,Hoboken,NJ,07030,Hoboken Waterfront,Multi-Family,6,5.5,2989,"$3,852,821","$3,688,400",2025-04-24,Closed,Joseph Lewis,joseph.lewis4@dreamhomes.com,212-555-0004,Hoboken Uptown Office,Lisa Williams,lisa.williams157@gmail.com,917-555-0157,Investor,Sell
789,829 Ocean Ave,Hoboken,NJ,07030,Hoboken Waterfront,Co-op,5,3.8,3461,"$4,322,789",$0,2025-01-28,Pending,Joseph Lewis,joseph.lewis4@dreamhomes.com,212-555-0004,Hoboken Uptown Office,Nancy Thompson,nancy.thompson289@gmail.com,917-555-0289,Seller,Lease
790,920 Park Ave,Greenwich,CT,06830,Greenwich Harbor,Co-op,6,5.0,2308,"$3,752,808","$3,790,653",2025-03-06,Closed,Matthew White,matthew.white20@dreamhomes.com,212-555-0020,Greenwich Gold Coast Office,Carol White,carol.white210@gmail.com,917-555-0210,Seller,Buy
791,223 Washington St,Jersey City,NJ,07302,Downtown Jersey City,Single Family,2,1.5,1870,"$1,967,240",$0,2025-06-20,Pending,Michael Lewis,michael.lewis3@dreamhomes.com,212-555-0003,Jersey City Financial Center,James Wilson,james.wilson331@gmail.com,917-555-0331,Renter,Sell
792,438 Grand St,Hoboken,nj,07030,Hoboken Waterfront,Co-op,1,1.2,4086,"$5,140,188",$0,2025-02-22,Pending,Joseph Lewis,joseph.lewis4@dreamhomes.com,212-555-0004,Hoboken Uptown Office,Michael Sanchez,michael.sanchez272@gmail.com,917-555-0272,Seller,Sell
793,712 Ocean Ave,New York,NY,11201,Williamsburg,Multi-Family,5,3.8,1997,"$2,863,698","$2,936,387",2025-02-18,Closed,Kevin Martinez,kevin.martinez27@dreamhomes.com,212-555-0027,Brooklyn Waterfront Office,Mark Moore,mark.moore316@gmail.com,917-555-0316,Buyer,Sell
794,213 Washington St,New York,NY,10012,Upper East Side,Single Family,5,3.8,2013,"$3,746,193",$0,2025-05-09,Active,Emily Jones,emily.jones26@dreamhomes.com,212-555-0026,Manhattan Flagship Office,Christopher Jackson,christopher.jackson104@gmail.com,917-555-0104,Buyer,Lease
795,234 5th Ave,Hoboken,NJ,07030,Hoboken Waterfront,Multi-Family,5,4.2,2584,"$3,261,008","$3,159,184",2025-03-27,Closed,Amanda Anderson,amanda.anderson9@dreamhomes.com,212-555-0009,Hoboken Uptown Office,William Sanchez,william.sanchez41@gmail.com,917-555-0041,Investor,Sell
796,847 5th Ave,New York,NY,10012,SoHo,Townhouse,2,2.5,4191,"$10,242,804",$0,2025-07-13,Active,Carol Wilson,carol.wilson6@dreamhomes.com,212-555-0006,Manhattan Flagship Office,Thomas Sanchez,thomas.sanchez116@gmail.com,917-555-0116,Seller,Buy
797,393 5th Ave,New York,NY,11201,Williamsburg,Multi-Family,3,2.8,2132,"$3,240,640",$0,2025-01-16,Active,Linda Martinez,linda.martinez12@dreamhomes.com,212-555-0012,Brooklyn Waterfront Office,Emily Gonzalez,emily.gonzalez274@gmail.com,917-555-0274,Buyer,Buy
798,402 Broadway,Greenwich,CT,06830,Greenwich Harbor,Multi-Family,3,2.2,1347,"$2,203,692","$2,107,311",2025-02-23,Closed,Charles Martinez,charles.martinez25@dreamhomes.com,212-555-0025,Greenwich Gold Coast Office,Betty Smith,betty.smith269@gmail.com,917-555-0269,Renter,Sell
799,500 Ocean Ave,Hoboken,NJ,07030,Hoboken Waterfront,Single Family,3,2.8,2641,"$3,290,686","$3,376,200",2025-04-11,Closed,Joseph Lewis,joseph.lewis4@dreamhomes.com,212-555-0004,Hoboken Uptown Office,Kenneth Brown,kenneth.brown143@gmail.com,917-555-0143,Buyer,Lease
800,82 Park Ave,New York,ny,10012,Upper East Side,Townhouse,3,3.2,3024,"$5,349,456","$5,347,686",2025-02-09,Closed,Christopher Miller,christopher.miller16@dreamhomes.com,212-555-0016,Manhattan Flagship Office,Daniel Garcia,daniel.garcia66@gmail.com,917-555-0066,Investor,Sell
801,238 Grand St,Jersey City,NJ,07302,Paulus Hook,Townhouse,1,1.2,1488,"$1,700,784",$0,2025-02-09,Active,Donna Harris,donna.harris8@dreamhomes.com,212-555-0008,Jersey City Financial Center,Melissa Garcia,melissa.garcia333@gmail.com,917-555-0333,Seller,Lease
802,43 Broadway,Hoboken,NJ,07030,Hoboken Waterfront,Condo,5,3.8,1014,"$1,195,506","$1,227,223",2025-02-28,Closed,Amanda Anderson,amanda.anderson9@dreamhomes.com,212-555-0009,Hoboken Uptown Office,Barbara Jones,barbara.jones239@gmail.com,917-555-0239,Investor,Sell
803,190 Ocean Ave,Jersey City,NJ,07302,Paulus Hook,Townhouse,2,1.5,2285,"$2,618,610","$2,598,365",2025-01-01,Closed,Nancy Williams,nancy.williams23@dreamhomes.com,212-555-0023,Jersey City Financial Center,James Johnson,james.johnson16@gmail.com,917-555-0016,Seller,Buy
804,695 Broadway,Jersey City,NJ,07302,Downtown Jersey City,Co-op,4,4.0,2914,"$3,377,326",$0,2025-02-16,Active,Nancy Williams,nancy.williams23@dreamhomes.com,212-555-0023,Jersey City Financial Center,Linda Hernandez,linda.hernandez180@gmail.com,917-555-0180,Investor,Buy
805,967 Washington St,New York,NY,11201,Williamsburg,Co-op,1,0.8,3174,"$4,275,378",$0,2025-07-14,Active,Linda Martinez,linda.martinez12@dreamhomes.com,212-555-0012,Brooklyn Waterfront Office,Mary Johnson,mary.johnson287@gmail.com,917-555-0287,Buyer,Buy
806,585 Ocean Ave,New York,NY,10012,SoHo,Townhouse,3,2.8,1667,"$3,965,793","$3,830,724",2025-07-10,Closed,Melissa Williams,melissa.williams11@dreamhomes.com,212-555-0011,Manhattan Flagship Office,William Brown,william.brown160@gmail.com,917-555-0160,Investor,Lease
807,637 Washington St,Hoboken,NJ,07030,Hoboken Waterfront,Multi-Family,2,1.5,809,"$973,227",$0,2025-03-28,Active,Daniel Sanchez,daniel.sanchez19@dreamhomes.com,212-555-0019,Hoboken Uptown Office,Lisa Lee,lisa.lee234@gmail.com,917-555-0234,Renter,Buy
808,299 Washington St,New York,ny,11201,Williamsburg,Townhouse,4,4.0,1743,"$2,332,134","$2,289,571",2025-07-18,Closed,Linda Martinez,linda.martinez12@dreamhomes.com,212-555-0012,Brooklyn Waterfront Office,Richard White,richard.white28@gmail.com,917-555-0028,Renter,Lease
809,534 Grand St,Jersey City,NJ,07302,Paulus Hook,Townhouse,3,2.2,1030,"$1,083,560","$1,048,315",2025-06-24,Closed,Nancy Williams,nancy.williams23@dreamhomes.com,212-555-0023,Jersey City Financial Center,Daniel Perez,daniel.perez165@gmail.com,917-555-0165,Renter,Buy
810,899 Broadway,Hoboken,NJ,07030,Hoboken Waterfront,Single Family,5,4.2,3241,"$4,109,588",$0,2025-02-25,Active,Carol Moore,carol.moore24@dreamhomes.com,212-555-0024,Hoboken Uptown Office,Linda Wilson,linda.wilson2@gmail.com,917-555-0002,Renter,Sell
811,753 5th Ave,New York,NY,10012,Tribeca,Co-op,6,4.5,2662,"$6,189,150","$5,985,544",2025-02-11,Closed,Carol Wilson,carol.wilson6@dreamhomes.com,212-555-0006,Manhattan Flagship Office,Joshua Rodriguez,joshua.rodriguez34@gmail.com,917-555-0034,Investor,Lease
812,101 Broadway,Jersey City,NJ,07302,Paulus Hook,Single Family,4,4.0,3414,"$3,615,426","$3,559,419",2025-01-29,Closed,Mary Ramirez,mary.ramirez28@dreamhomes.com,212-555-0028,Jersey City Financial Center,Christopher Harris,christopher.harris93@gmail.com,917-555-0093,Renter,Buy
813,441 Ocean Ave,Jersey City,NJ,07302,Paulus Hook,Single Family,2,1.5,1080,"$1,137,240","$1,121,081",2025-01-14,Closed,Donna Harris,donna.harris8@dreamhomes.com,212-555-0008,Jersey City Financial Center,Lisa Lee,lisa.lee234@gmail.com,917-555-0234,Renter,Sell
814,944 Washington St,Greenwich,CT,06830,Greenwich Harbor,Multi-Family,5,4.8,2475,"$4,073,850","$4,136,012",2025-05-02,Closed,Emily Wilson,emily.wilson30@dreamhomes.com,212-555-0030,Greenwich Gold Coast Office,Lisa Williams,lisa.williams313@gmail.com,917-555-0313,Investor,Buy
815,81 Ocean Ave,New York,NY,11201,DUMBO,Multi-Family,4,3.5,1661,"$2,911,733","$2,998,092",2025-07-06,Closed,Kevin Martinez,kevin.martinez27@dreamhomes.com,212-555-0027,Brooklyn Waterfront Office,Michael Anderson,michael.anderson23@gmail.com,917-555-0023,Investor,Lease
816,959 Broadway,New York,ny,10012,SoHo,Multi-Family,2,2.5,1106,"$2,738,456","$2,661,076",2025-02-25,Closed,Christopher Miller,christopher.miller16@dreamhomes.com,212-555-0016,Manhattan Flagship Office,Linda Perez,linda.perez97@gmail.com,917-555-0097,Investor,Lease
817,134 Park Ave,New York,NY,10012,Tribeca,Co-op,3,2.2,3655,"$8,779,310","$8,784,947",2025-05-30,Closed,Emily Clark,emily.clark1@dreamhomes.com,212-555-0001,Manhattan Flagship Office,Robert Taylor,robert.taylor280@gmail.com,917-555-0280,Renter,Lease
818,245 Broadway,Hoboken,NJ,07030,Hoboken Waterfront,Condo,5,4.2,971,"$1,129,273",$0,2025-03-27,Pending,Carol Moore,carol.moore24@dreamhomes.com,212-555-0024,Hoboken Uptown Office,Karen Miller,karen.miller158@gmail.com,917-555-0158,Seller,Buy
819,893 Park Ave,Hoboken,NJ,07030,Hoboken Waterfront,Single Family,1,0.8,2858,"$3,578,216","$3,441,304",2025-07-07,Closed,Daniel Sanchez,daniel.sanchez19@dreamhomes.com,212-555-0019,Hoboken Uptown Office,Robert Smith,robert.smith88@gmail.com,917-555-0088,Renter,Sell
820,182 5th Ave,Greenwich,CT,06830,Stamford Downtown,Co-op,3,2.2,3075,"$2,847,450","$2,890,254",2025-02-22,Closed,Emily Wilson,emily.wilson30@dreamhomes.com,212-555-0030,Greenwich Gold Coast Office,Kenneth Perez,kenneth.perez98@gmail.com,917-555-0098,Investor,Sell
821,704 Ocean Ave,Hoboken,NJ,07030,Hoboken Waterfront,Multi-Family,5,3.8,2194,"$2,624,024","$2,533,749",2025-04-24,Closed,Amanda Anderson,amanda.anderson9@dreamhomes.com,212-555-0009,Hoboken Uptown Office,Elizabeth Smith,elizabeth.smith35@gmail.com,917-555-0035,Investor,Lease
822,478 Ocean Ave,New York,NY,11201,DUMBO,Condo,4,3.0,3176,"$5,507,184","$5,667,752",2025-02-14,Closed,Kevin Moore,kevin.moore7@dreamhomes.com,212-555-0007,Brooklyn Waterfront Office,Daniel Moore,daniel.moore76@gmail.com,917-555-0076,Seller,Sell
823,150 Washington St,Jersey City,NJ,07302,Paulus Hook,Co-op,5,3.8,1171,"$1,309,178","$1,314,649",2025-07-14,Closed,Nancy Williams,nancy.williams23@dreamhomes.com,212-555-0023,Jersey City Financial Center,Elizabeth Thomas,elizabeth.thomas9@gmail.com,917-555-0009,Seller,Lease
824,778 5th Ave,New York,ny,10012,SoHo,Co-op,6,5.0,3992,"$9,628,704","$9,626,289",2025-06-19,Closed,Emily Clark,emily.clark1@dreamhomes.com,212-555-0001,Manhattan Flagship Office,Jessica Brown,jessica.brown348@gmail.com,917-555-0348,Renter,Sell
825,509 Ocean Ave,Greenwich,CT,06830,Stamford Downtown,Co-op,4,3.5,3415,"$2,977,880","$2,871,977",2025-01-29,Closed,Brian Martin,brian.martin5@dreamhomes.com,212-555-0005,Greenwich Gold Coast Office,Elizabeth Taylor,elizabeth.taylor43@gmail.com,917-555-0043,Seller,Buy
826,378 Grand St,Hoboken,NJ,07030,Hoboken Waterfront,Townhouse,5,3.8,2978,"$3,564,666","$3,590,270",2025-03-21,Closed,Carol Moore,carol.moore24@dreamhomes.com,212-555-0024,Hoboken Uptown Office,Robert Moore,robert.moore55@gmail.com,917-555-0055,Renter,Sell
827,866 Grand St,New York,NY,11201,DUMBO,Co-op,1,0.8,943,"$1,659,680","$1,683,783",2025-01-26,Closed,Kevin Martinez,kevin.martinez27@dreamhomes.com,212-555-0027,Brooklyn Waterfront Office,Andrew Smith,andrew.smith250@gmail.com,917-555-0250,Buyer,Sell
828,714 Broadway,New York,NY,11201,DUMBO,Townhouse,1,0.8,1417,"$2,364,973","$2,407,900",2025-04-05,Closed,Linda Martinez,linda.martinez12@dreamhomes.com,212-555-0012,Brooklyn Waterfront Office,Sandra Martin,sandra.martin53@gmail.com,917-555-0053,Investor,Sell
829,919 Grand St,Jersey City,NJ,07302,Downtown Jersey City,Single Family,1,0.8,3467,"$3,557,142",$0,2025-03-05,Pending,Michael Anderson,michael.anderson13@dreamhomes.com,212-555-0013,Jersey City Financial Center,Robert Lewis,robert.lewis325@gmail.com,917-555-0325,Seller,Buy
830,585 Grand St,New York,NY,11201,DUMBO,Single Family,2,2.0,4171,"$7,282,566",$0,2025-02-06,Pending,Kevin Martinez,kevin.martinez27@dreamhomes.com,212-555-0027,Brooklyn Waterfront Office,Michelle Lopez,michelle.lopez109@gmail.com,917-555-0109,Investor,Sell
831,457 Ocean Ave,Hoboken,NJ,07030,Hoboken Waterfront,Townhouse,6,5.0,1696,"$1,931,744",$0,2025-02-22,Pending,Lisa Lopez,lisa.lopez29@dreamhomes.com,212-555-0029,Hoboken Uptown Office,David Lee,david.lee321@gmail.com,917-555-0321,Buyer,Sell
832,233 Broadway,New York,ny,10012,Upper East Side,Single Family,3,2.8,1494,"$2,901,348","$2,906,912",2025-05-07,Closed,Christopher Miller,christopher.miller16@dreamhomes.com,212-555-0016,Manhattan Flagship Office,Jessica Martinez,jessica.martinez349@gmail.com,917-555-0349,Seller,Lease
833,254 Park Ave,Hoboken,NJ,07030,Hoboken Waterfront,Multi-Family,4,3.5,2023,"$2,447,830",$0,2025-07-08,Pending,Daniel Sanchez,daniel.sanchez19@dreamhomes.com,212-555-0019,Hoboken Uptown Office,Michael Gonzalez,michael.gonzalez285@gmail.com,917-555-0285,Buyer,Buy
834,25 Broadway,Jersey City,NJ,07302,Paulus Hook,Single Family,3,2.8,1331,"$1,293,732","$1,242,802",2025-02-13,Closed,Michael Anderson,michael.anderson13@dreamhomes.com,212-555-0013,Jersey City Financial Center,Anthony Jackson,anthony.jackson4@gmail.com,917-555-0004,Renter,Lease
835,825 Park Ave,New York,NY,10012,Upper East Side,Co-op,5,3.8,3829,"$7,137,256","$7,147,041",2025-04-10,Closed,Christopher Miller,christopher.miller16@dreamhomes.com,212-555-0016,Manhattan Flagship Office,Donna Miller,donna.miller299@gmail.com,917-555-0299,Renter,Buy
836,412 Park Ave,New York,NY,11201,Williamsburg,Townhouse,1,1.8,2349,"$3,427,191","$3,423,287",2025-07-15,Closed,Betty Rodriguez,betty.rodriguez17@dreamhomes.com,212-555-0017,Brooklyn Waterfront Office,Elizabeth Anderson,elizabeth.anderson29@gmail.com,917-555-0029,Buyer,Lease
837,222 Washington St,New York,NY,11201,Williamsburg,Co-op,1,0.8,2419,"$3,565,606",$0,2025-01-23,Active,Kevin Martinez,kevin.martinez27@dreamhomes.com,212-555-0027,Brooklyn Waterfront Office,Daniel Robinson,daniel.robinson47@gmail.com,917-555-0047,Buyer,Sell
838,775 Park Ave,Greenwich,CT,06830,Greenwich Harbor,Single Family,5,3.8,2123,"$3,233,329","$3,228,486",2025-04-30,Closed,Donna Perez,donna.perez15@dreamhomes.com,212-555-0015,Greenwich Gold Coast Office,Michelle Anderson,michelle.anderson270@gmail.com,917-555-0270,Investor,Buy
839,747 Broadway,Hoboken,NJ,07030,Hoboken Waterfront,Co-op,5,4.8,4014,"$4,519,764","$4,328,972",2025-02-19,Closed,Lisa Lopez,lisa.lopez29@dreamhomes.com,212-555-0029,Hoboken Uptown Office,Betty Sanchez,betty.sanchez308@gmail.com,917-555-0308,Buyer,Lease
840,520 Park Ave,Greenwich,ct,06830,Stamford Downtown,Co-op,6,5.5,1791,"$1,629,810","$1,584,574",2025-02-18,Closed,Brian Martin,brian.martin5@dreamhomes.com,212-555-0005,Greenwich Gold Coast Office,David Rodriguez,david.rodriguez87@gmail.com,917-555-0087,Investor,Sell
841,985 Park Ave,New York,NY,11201,Williamsburg,Co-op,6,5.0,4105,"$5,792,155",$0,2025-05-18,Active,Kevin Moore,kevin.moore7@dreamhomes.com,212-555-0007,Brooklyn Waterfront Office,Joseph Perez,joseph.perez126@gmail.com,917-555-0126,Seller,Buy
842,959 5th Ave,Hoboken,NJ,07030,Hoboken Waterfront,Multi-Family,6,5.5,2108,"$2,390,472","$2,411,377",2025-03-31,Closed,Amanda Anderson,amanda.anderson9@dreamhomes.com,212-555-0009,Hoboken Uptown Office,Robert Taylor,robert.taylor280@gmail.com,917-555-0280,Renter,Sell
843,892 Park Ave,Greenwich,CT,06830,Stamford Downtown,Multi-Family,5,3.8,1540,"$1,301,300",$0,2025-03-20,Active,Donna Perez,donna.perez15@dreamhomes.com,212-555-0015,Greenwich Gold Coast Office,Joshua Smith,joshua.smith283@gmail.com,917-555-0283,Seller,Lease
844,238 5th Ave,Greenwich,CT,06830,Greenwich Harbor,Condo,1,1.2,3469,"$5,158,403",$0,2025-04-11,Active,Jessica Smith,jessica.smith10@dreamhomes.com,212-555-0010,Greenwich Gold Coast Office,Carol Hernandez,carol.hernandez275@gmail.com,917-555-0275,Investor,Buy
845,59 Grand St,New York,NY,10012,SoHo,Co-op,2,2.5,3194,"$7,528,258","$7,241,121",2025-04-14,Closed,Melissa Williams,melissa.williams11@dreamhomes.com,212-555-0011,Manhattan Flagship Office,Kenneth Perez,kenneth.perez222@gmail.com,917-555-0222,Investor,Sell
846,216 Park Ave,Jersey City,NJ,07302,Paulus Hook,Co-op,1,1.8,1118,"$1,240,980","$1,249,032",2025-05-01,Closed,Nancy Williams,nancy.williams23@dreamhomes.com,212-555-0023,Jersey City Financial Center,Carol Harris,carol.harris78@gmail.com,917-555-0078,Seller,Sell
847,66 Broadway,Jersey City,NJ,07302,Paulus Hook,Single Family,1,0.8,3326,"$3,186,308","$3,045,951",2025-07-05,Closed,Daniel Robinson,daniel.robinson18@dreamhomes.com,212-555-0018,Jersey City Financial Center,Jennifer Davis,jennifer.davis330@gmail.com,917-555-0330,Buyer,Lease
848,754 Ocean Ave,Hoboken,nj,07030,Hoboken Waterfront,Condo,1,1.8,3972,"$5,139,768","$4,957,857",2025-02-08,Closed,James Clark,james.clark14@dreamhomes.com,212-555-0014,Hoboken Uptown Office,Emily Lee,emily.lee73@gmail.com,917-555-0073,Investor,Lease
849,714 Ocean Ave,Jersey City,NJ,07302,Paulus Hook,Condo,4,4.0,1770,"$1,801,860",$0,2025-03-24,Active,Michael Anderson,michael.anderson13@dreamhomes.com,212-555-0013,Jersey City Financial Center,Carol Ramirez,carol.ramirez227@gmail.com,917-555-0227,Seller,Sell
850,208 Broadway,Greenwich,CT,06830,Greenwich Harbor,Single Family,2,2.5,4083,"$6,557,298","$6,568,088",2025-07-08,Closed,Matthew White,matthew.white20@dreamhomes.com,212-555-0020,Greenwich Gold Coast Office,Kenneth Clark,kenneth.clark122@gmail.com,917-555-0122,Investor,Sell
851,585 Washington St,Greenwich,CT,06830,Stamford Downtown,Co-op,6,4.5,3294,"$3,076,596",$0,2025-02-14,Pending,Brian Martin,brian.martin5@dreamhomes.com,212-555-0005,Greenwich Gold Coast Office,Mary Martinez,mary.martinez101@gmail.com,917-555-0101,Investor,Lease
852,930 5th Ave,Greenwich,CT,06830,Greenwich Harbor,Townhouse,5,3.8,1114,"$1,673,228","$1,615,471",2025-05-13,Closed,Matthew White,matthew.white20@dreamhomes.com,212-555-0020,Greenwich Gold Coast Office,Carol Brown,carol.brown342@gmail.com,917-555-0342,Seller,Lease
853,152 5th Ave,Jersey City,NJ,07302,Paulus Hook,Single Family,3,3.2,3779,"$4,096,436","$4,083,091",2025-05-24,Closed,Michael Lewis,michael.lewis3@dreamhomes.com,212-555-0003,Jersey City Financial Center,Carol Gonzalez,carol.gonzalez12@gmail.com,917-555-0012,Investor,Lease
854,797 Grand St,Jersey City,NJ,07302,Downtown Jersey City,Co-op,5,4.8,1286,"$1,498,190","$1,461,005",2025-03-11,Closed,Michael Lewis,michael.lewis3@dreamhomes.com,212-555-0003,Jersey City Financial Center,Joseph Smith,joseph.smith117@gmail.com,917-555-0117,Buyer,Buy
855,313 Grand St,New York,NY,11201,Williamsburg,Condo,1,0.8,3077,"$4,083,179","$4,102,920",2025-02-04,Closed,Betty Rodriguez,betty.rodriguez17@dreamhomes.com,212-555-0017,Brooklyn Waterfront Office,Karen Miller,karen.miller220@gmail.com,917-555-0220,Buyer,Lease
856,572 Park Ave,Greenwich,ct,06830,Stamford Downtown,Townhouse,2,2.0,3514,"$3,173,142","$3,163,904",2025-07-14,Closed,Donna Perez,donna.perez15@dreamhomes.com,212-555-0015,Greenwich Gold Coast Office,Michael Sanchez,michael.sanchez272@gmail.com,917-555-0272,Seller,Lease
857,197 Ocean Ave,New York,NY,11201,Williamsburg,Townhouse,3,3.2,3336,"$4,883,904","$5,018,897",2025-05-23,Closed,Linda Martinez,linda.martinez12@dreamhomes.com,212-555-0012,Brooklyn Waterfront Office,Jessica Gonzalez,jessica.gonzalez292@gmail.com,917-555-0292,Seller,Lease
858,296 Broadway,New York,NY,11201,Williamsburg,Townhouse,3,2.8,3767,"$5,669,335","$5,400,186",2025-06-15,Closed,Linda Martinez,linda.martinez12@dreamhomes.com,212-555-0012,Brooklyn Waterfront Office,Amanda Jackson,amanda.jackson36@gmail.com,917-555-0036,Renter,Buy
859,936 Park Ave,New York,NY,10012,SoHo,Townhouse,4,3.0,3744,"$8,835,840",$0,2025-06-10,Pending,Emily Jones,emily.jones26@dreamhomes.com,212-555-0026,Manhattan Flagship Office,William Brown,william.brown160@gmail.com,917-555-0160,Investor,Sell
860,887 Park Ave,Jersey City,NJ,07302,Paulus Hook,Multi-Family,3,3.2,3365,"$3,267,415","$3,288,874",2025-04-16,Closed,Nancy Williams,nancy.williams23@dreamhomes.com,212-555-0023,Jersey City Financial Center,Elizabeth Thompson,elizabeth.thompson249@gmail.com,917-555-0249,Buyer,Sell
861,951 Grand St,Greenwich,CT,06830,Greenwich Harbor,Multi-Family,4,3.0,3914,"$5,675,300",$0,2025-04-24,Active,Matthew White,matthew.white20@dreamhomes.com,212-555-0020,Greenwich Gold Coast Office,Nancy Harris,nancy.harris252@gmail.com,917-555-0252,Buyer,Buy
862,695 Park Ave,New York,NY,11201,Williamsburg,Multi-Family,1,1.8,1280,"$1,891,840","$1,823,254",2025-03-24,Closed,Kevin Moore,kevin.moore7@dreamhomes.com,212-555-0007,Brooklyn Waterfront Office,Jennifer Lewis,jennifer.lewis262@gmail.com,917-555-0262,Seller,Sell
863,772 5th Ave,New York,NY,10012,SoHo,Multi-Family,2,1.5,843,"$2,054,391","$2,080,665",2025-03-02,Closed,Emily Jones,emily.jones26@dreamhomes.com,212-555-0026,Manhattan Flagship Office,Patricia Thompson,patricia.thompson7@gmail.com,917-555-0007,Buyer,Buy
864,186 Park Ave,Jersey City,nj,07302,Paulus Hook,Condo,2,2.0,3483,"$3,577,041",$0,2025-05-18,Active,Mary Ramirez,mary.ramirez28@dreamhomes.com,212-555-0028,Jersey City Financial Center,Daniel Clark,daniel.clark135@gmail.com,917-555-0135,Renter,Lease
865,507 5th Ave,Hoboken,NJ,07030,Hoboken Waterfront,Townhouse,4,4.0,2041,"$2,361,437","$2,385,681",2025-02-26,Closed,James Clark,james.clark14@dreamhomes.com,212-555-0014,Hoboken Uptown Office,Sandra Ramirez,sandra.ramirez303@gmail.com,917-555-0303,Buyer,Buy
866,743 Broadway,New York,NY,10012,Upper East Side,Condo,3,2.8,3161,"$6,043,832","$5,965,836",2025-05-23,Closed,Melissa Williams,melissa.williams11@dreamhomes.com,212-555-0011,Manhattan Flagship Office,Amanda Thomas,amanda.thomas297@gmail.com,917-555-0297,Renter,Sell
867,336 Washington St,Jersey City,NJ,07302,Paulus Hook,Townhouse,2,2.0,1892,"$2,094,444",$0,2025-01-16,Active,Mary Ramirez,mary.ramirez28@dreamhomes.com,212-555-0028,Jersey City Financial Center,Karen White,karen.white350@gmail.com,917-555-0350,Buyer,Buy
868,892 Ocean Ave,New York,NY,10012,SoHo,Multi-Family,6,5.0,2300,"$5,430,300","$5,198,923",2025-04-22,Closed,Emily Jones,emily.jones26@dreamhomes.com,212-555-0026,Manhattan Flagship Office,Charles Anderson,charles.anderson68@gmail.com,917-555-0068,Seller,Buy
869,930 Washington St,Greenwich,CT,06830,Greenwich Harbor,Single Family,6,5.5,2557,"$4,206,265","$4,214,725",2025-03-26,Closed,Emily Wilson,emily.wilson30@dreamhomes.com,212-555-0030,Greenwich Gold Coast Office,Joshua Williams,joshua.williams247@gmail.com,917-555-0247,Renter,Buy
870,365 Ocean Ave,Hoboken,NJ,07030,Hoboken Waterfront,Co-op,5,4.2,4019,"$4,931,313","$4,788,768",2025-04-13,Closed,James Clark,james.clark14@dreamhomes.com,212-555-0014,Hoboken Uptown Office,Daniel Martin,daniel.martin304@gmail.com,917-555-0304,Seller,Sell
871,579 Broadway,Jersey City,NJ,07302,Paulus Hook,Condo,6,4.5,991,"$1,034,604",$0,2025-04-18,Pending,Donna Harris,donna.harris8@dreamhomes.com,212-555-0008,Jersey City Financial Center,Elizabeth Martin,elizabeth.martin236@gmail.com,917-555-0236,Seller,Sell
872,843 Grand St,Greenwich,ct,06830,Stamford Downtown,Co-op,2,1.5,3833,"$3,277,215","$3,164,398",2025-03-21,Closed,Donna Perez,donna.perez15@dreamhomes.com,212-555-0015,Greenwich Gold Coast Office,Jessica Brown,jessica.brown33@gmail.com,917-555-0033,Buyer,Buy
873,569 Grand St,New York,NY,11201,Williamsburg,Co-op,5,3.8,3082,"$4,274,734","$4,281,221",2025-01-20,Closed,Kevin Martinez,kevin.martinez27@dreamhomes.com,212-555-0027,Brooklyn Waterfront Office,Thomas Brown,thomas.brown81@gmail.com,917-555-0081,Renter,Buy
874,437 Grand St,Greenwich,CT,06830,Stamford Downtown,Multi-Family,5,4.2,2213,"$1,989,487","$1,907,229",2025-04-29,Closed,Brian Martin,brian.martin5@dreamhomes.com,212-555-0005,Greenwich Gold Coast Office,Mary Moore,mary.moore140@gmail.com,917-555-0140,Seller,Buy
875,475 Ocean Ave,Greenwich,CT,06830,Greenwich Harbor,Townhouse,2,2.0,4174,"$6,269,348",$0,2025-06-11,Pending,Brian Martin,brian.martin5@dreamhomes.com,212-555-0005,Greenwich Gold Coast Office,Anthony Ramirez,anthony.ramirez221@gmail.com,917-555-0221,Buyer,Lease
876,722 5th Ave,New York,NY,11201,Williamsburg,Co-op,3,2.8,3063,"$4,597,563","$4,733,977",2025-02-19,Closed,Betty Rodriguez,betty.rodriguez17@dreamhomes.com,212-555-0017,Brooklyn Waterfront Office,David Martin,david.martin107@gmail.com,917-555-0107,Buyer,Buy
877,45 Ocean Ave,Hoboken,NJ,07030,Hoboken Waterfront,Multi-Family,6,4.5,1086,"$1,268,448","$1,246,296",2025-05-01,Closed,Carol Moore,carol.moore24@dreamhomes.com,212-555-0024,Hoboken Uptown Office,Susan Jackson,susan.jackson306@gmail.com,917-555-0306,Buyer,Sell
878,331 Ocean Ave,Greenwich,CT,06830,Greenwich Harbor,Multi-Family,3,3.2,2906,"$4,297,974","$4,207,006",2025-03-11,Closed,Matthew White,matthew.white20@dreamhomes.com,212-555-0020,Greenwich Gold Coast Office,Emily Lee,emily.lee73@gmail.com,917-555-0073,Investor,Buy
879,688 Grand St,New York,NY,10012,Upper East Side,Single Family,2,2.5,4170,"$7,797,900",$0,2025-02-05,Active,Kenneth Lee,kenneth.lee21@dreamhomes.com,212-555-0021,Manhattan Flagship Office,Elizabeth Thomas,elizabeth.thomas9@gmail.com,917-555-0009,Seller,Lease
880,276 5th Ave,Hoboken,nj,07030,Hoboken Waterfront,Co-op,6,5.0,2407,"$2,931,726","$2,929,316",2025-06-18,Closed,Joseph Lewis,joseph.lewis4@dreamhomes.com,212-555-0004,Hoboken Uptown Office,Joshua Harris,joshua.harris202@gmail.com,917-555-0202,Buyer,Lease
881,122 Grand St,Jersey City,NJ,07302,Downtown Jersey City,Single Family,5,3.8,3897,"$4,501,035",$0,2025-06-14,Active,Michael Lewis,michael.lewis3@dreamhomes.com,212-555-0003,Jersey City Financial Center,Richard Brown,richard.brown263@gmail.com,917-555-0263,Buyer,Lease
882,933 5th Ave,Greenwich,CT,06830,Greenwich Harbor,Townhouse,2,2.0,3477,"$5,570,154","$5,691,648",2025-06-22,Closed,Brian Martin,brian.martin5@dreamhomes.com,212-555-0005,Greenwich Gold Coast Office,Amanda Thomas,amanda.thomas297@gmail.com,917-555-0297,Renter,Sell
883,990 Park Ave,Jersey City,NJ,07302,Downtown Jersey City,Multi-Family,3,3.2,3665,"$3,936,210","$4,034,288",2025-03-23,Closed,Daniel Robinson,daniel.robinson18@dreamhomes.com,212-555-0018,Jersey City Financial Center,Emily Martin,emily.martin54@gmail.com,917-555-0054,Seller,Sell
884,589 Grand St,Greenwich,CT,06830,Greenwich Harbor,Co-op,2,2.0,4000,"$6,004,000","$5,971,714",2025-01-01,Closed,Charles Martinez,charles.martinez25@dreamhomes.com,212-555-0025,Greenwich Gold Coast Office,Joshua Smith,joshua.smith245@gmail.com,917-555-0245,Investor,Sell
885,290 Washington St,Jersey City,NJ,07302,Paulus Hook,Condo,5,3.8,2879,"$2,916,427",$0,2025-06-05,Pending,Michael Lewis,michael.lewis3@dreamhomes.com,212-555-0003,Jersey City Financial Center,Mary Taylor,mary.taylor48@gmail.com,917-555-0048,Renter,Buy
886,222 5th Ave,Greenwich,CT,06830,Greenwich Harbor,Single Family,6,5.0,4115,"$6,357,675",$0,2025-07-01,Pending,Emily Wilson,emily.wilson30@dreamhomes.com,212-555-0030,Greenwich Gold Coast Office,Karen Miller,karen.miller158@gmail.com,917-555-0158,Seller,Sell
887,498 5th Ave,New York,NY,11201,Williamsburg,Townhouse,6,5.0,1317,"$1,826,679","$1,758,746",2025-03-11,Closed,Betty Rodriguez,betty.rodriguez17@dreamhomes.com,212-555-0017,Brooklyn Waterfront Office,Daniel Moore,daniel.moore277@gmail.com,917-555-0277,Buyer,Buy
888,481 5th Ave,New York,ny,11201,DUMBO,Condo,2,1.5,1629,"$2,697,624","$2,736,467",2025-07-17,Closed,Kevin Moore,kevin.moore7@dreamhomes.com,212-555-0007,Brooklyn Waterfront Office,Amanda Lopez,amanda.lopez166@gmail.com,917-555-0166,Buyer,Lease
889,371 Ocean Ave,New York,NY,10012,Tribeca,Co-op,3,3.2,2551,"$5,925,973",$0,2025-01-26,Active,Kenneth Lee,kenneth.lee21@dreamhomes.com,212-555-0021,Manhattan Flagship Office,Sandra Anderson,sandra.anderson259@gmail.com,917-555-0259,Investor,Buy
890,648 Broadway,New York,NY,10012,SoHo,Townhouse,3,3.2,2258,"$5,360,492","$5,166,056",2025-01-04,Closed,Melissa Williams,melissa.williams11@dreamhomes.com,212-555-0011,Manhattan Flagship Office,Matthew Rodriguez,matthew.rodriguez63@gmail.com,917-555-0063,Renter,Sell
891,333 Grand St,Greenwich,CT,06830,Stamford Downtown,Townhouse,1,0.8,2820,"$2,258,820",$0,2025-06-15,Active,Donna Perez,donna.perez15@dreamhomes.com,212-555-0015,Greenwich Gold Coast Office,Michelle Lopez,michelle.lopez109@gmail.com,917-555-0109,Investor,Buy
892,324 Ocean Ave,New York,NY,10012,Upper East Side,Single Family,4,4.0,2884,"$5,433,456",$0,2025-01-21,Pending,Christopher Miller,christopher.miller16@dreamhomes.com,212-555-0016,Manhattan Flagship Office,Thomas Johnson,thomas.johnson215@gmail.com,917-555-0215,Renter,Sell
893,95 Washington St,Hoboken,NJ,07030,Hoboken Waterfront,Multi-Family,1,0.8,1765,"$2,128,590","$2,170,828",2025-04-04,Closed,Joseph Lewis,joseph.lewis4@dreamhomes.com,212-555-0004,Hoboken Uptown Office,Elizabeth Taylor,elizabeth.taylor43@gmail.com,917-555-0043,Seller,Buy
894,729 Ocean Ave,New York,NY,10012,Tribeca,Condo,5,3.8,3237,"$7,885,332","$8,005,776",2025-05-02,Closed,Carol Wilson,carol.wilson6@dreamhomes.com,212-555-0006,Manhattan Flagship Office,Daniel Perez,daniel.perez165@gmail.com,917-555-0165,Renter,Buy
895,367 Ocean Ave,Hoboken,NJ,07030,Hoboken Waterfront,Single Family,5,3.8,1491,"$1,921,899","$1,961,767",2025-01-17,Closed,James Clark,james.clark14@dreamhomes.com,212-555-0014,Hoboken Uptown Office,Sandra Lopez,sandra.lopez152@gmail.com,917-555-0152,Seller,Lease
896,102 Broadway,New York,ny,11201,DUMBO,Co-op,5,4.8,3435,"$6,035,295",$0,2025-02-15,Active,Kevin Martinez,kevin.martinez27@dreamhomes.com,212-555-0027,Brooklyn Waterfront Office,Carol Brown,carol.brown342@gmail.com,917-555-0342,Seller,Sell
897,38 Broadway,Hoboken,NJ,07030,Hoboken Waterfront,Multi-Family,2,2.0,4003,"$4,471,351",$0,2025-04-10,Pending,Daniel Sanchez,daniel.sanchez19@dreamhomes.com,212-555-0019,Hoboken Uptown Office,Matthew Rodriguez,matthew.rodriguez63@gmail.com,917-555-0063,Renter,Sell
898,977 5th Ave,New York,NY,10012,SoHo,Co-op,3,2.8,3574,"$8,370,308","$8,502,626",2025-02-07,Closed,Emily Clark,emily.clark1@dreamhomes.com,212-555-0001,Manhattan Flagship Office,Richard White,richard.white28@gmail.com,917-555-0028,Renter,Lease
899,361 Broadway,New York,NY,11201,DUMBO,Multi-Family,4,3.0,3549,"$5,859,399","$5,977,291",2025-06-23,Closed,Robert White,robert.white22@dreamhomes.com,212-555-0022,Brooklyn Waterfront Office,Jennifer Lewis,jennifer.lewis262@gmail.com,917-555-0262,Seller,Lease
900,567 Broadway,Jersey City,NJ,07302,Downtown Jersey City,Townhouse,5,4.8,3909,"$4,432,806","$4,262,992",2025-06-28,Closed,Nancy Williams,nancy.williams23@dreamhomes.com,212-555-0023,Jersey City Financial Center,Michelle Lewis,michelle.lewis61@gmail.com,917-555-0061,Seller,Lease
901,18 Grand St,Jersey City,NJ,07302,Downtown Jersey City,Co-op,6,5.0,2876,"$3,252,756",$0,2025-07-03,Active,Michael Lewis,michael.lewis3@dreamhomes.com,212-555-0003,Jersey City Financial Center,Lisa Garcia,lisa.garcia226@gmail.com,917-555-0226,Buyer,Sell
902,33 Washington St,New York,NY,10012,Upper East Side,Condo,2,2.5,3375,"$6,139,125","$5,859,862",2025-05-22,Closed,Melissa Williams,melissa.williams11@dreamhomes.com,212-555-0011,Manhattan Flagship Office,Joshua Gonzalez,joshua.gonzalez329@gmail.com,917-555-0329,Renter,Sell
903,166 5th Ave,Hoboken,NJ,07030,Hoboken Waterfront,Townhouse,2,2.5,3015,"$3,458,205","$3,383,292",2025-02-09,Closed,Lisa Lopez,lisa.lopez29@dreamhomes.com,212-555-0029,Hoboken Uptown Office,Elizabeth Martin,elizabeth.martin236@gmail.com,917-555-0236,Seller,Buy
904,247 5th Ave,Hoboken,nj,07030,Hoboken Waterfront,Multi-Family,4,3.5,3803,"$4,316,405","$4,373,480",2025-03-11,Closed,Joseph Lewis,joseph.lewis4@dreamhomes.com,212-555-0004,Hoboken Uptown Office,Thomas Wilson,thomas.wilson89@gmail.com,917-555-0089,Buyer,Buy
905,265 Washington St,New York,NY,10012,SoHo,Co-op,5,4.8,2085,"$4,845,540",$0,2025-05-11,Pending,Kenneth Lee,kenneth.lee21@dreamhomes.com,212-555-0021,Manhattan Flagship Office,Joshua Harris,joshua.harris202@gmail.com,917-555-0202,Buyer,Buy
906,265 Ocean Ave,Hoboken,NJ,07030,Hoboken Waterfront,Townhouse,6,5.0,1479,"$1,894,599","$1,920,291",2025-06-22,Closed,Joseph Lewis,joseph.lewis4@dreamhomes.com,212-555-0004,Hoboken Uptown Office,Christopher Harris,christopher.harris93@gmail.com,917-555-0093,Renter,Buy
907,216 Broadway,Hoboken,NJ,07030,Hoboken Waterfront,Co-op,6,5.0,3144,"$3,945,720",$0,2025-05-19,Pending,Daniel Sanchez,daniel.sanchez19@dreamhomes.com,212-555-0019,Hoboken Uptown Office,Kenneth Lee,kenneth.lee318@gmail.com,917-555-0318,Buyer,Lease
908,832 Broadway,New York,NY,10012,SoHo,Multi-Family,3,2.8,3493,"$8,491,483","$8,529,109",2025-05-20,Closed,Christopher Miller,christopher.miller16@dreamhomes.com,212-555-0016,Manhattan Flagship Office,Amanda Jackson,amanda.jackson36@gmail.com,917-555-0036,Renter,Lease
909,107 Ocean Ave,New York,NY,10012,Tribeca,Single Family,3,3.2,2521,"$6,153,761","$5,946,933",2025-05-29,Closed,Kenneth Lee,kenneth.lee21@dreamhomes.com,212-555-0021,Manhattan Flagship Office,Brian Thomas,brian.thomas213@gmail.com,917-555-0213,Investor,Buy
910,965 Broadway,New York,NY,11201,Williamsburg,Co-op,2,2.5,2018,"$2,821,164",$0,2025-03-23,Pending,Betty Rodriguez,betty.rodriguez17@dreamhomes.com,212-555-0017,Brooklyn Waterfront Office,Kenneth Perez,kenneth.perez222@gmail.com,917-555-0222,Investor,Buy
911,652 Grand St,New York,NY,11201,DUMBO,Single Family,3,2.2,2217,"$3,731,211","$3,618,988",2025-05-30,Closed,Robert White,robert.white22@dreamhomes.com,212-555-0022,Brooklyn Waterfront Office,Carol Hernandez,carol.hernandez275@gmail.com,917-555-0275,Investor,Sell
912,270 Broadway,New York,ny,10012,Tribeca,Townhouse,5,4.8,2443,"$5,721,506","$5,890,026",2025-04-29,Closed,Melissa Williams,melissa.williams11@dreamhomes.com,212-555-0011,Manhattan Flagship Office,Barbara Perez,barbara.perez243@gmail.com,917-555-0243,Seller,Buy
913,435 Grand St,New York,NY,11201,DUMBO,Multi-Family,2,1.5,2351,"$4,161,270","$4,122,305",2025-04-22,Closed,Kenneth Taylor,kenneth.taylor2@dreamhomes.com,212-555-0002,Brooklyn Waterfront Office,Emily Williams,emily.williams337@gmail.com,917-555-0337,Buyer,Lease
914,177 Ocean Ave,New York,NY,10012,Upper East Side,Single Family,1,1.8,2199,"$4,272,657","$4,318,975",2025-03-29,Closed,Christopher Miller,christopher.miller16@dreamhomes.com,212-555-0016,Manhattan Flagship Office,Sarah Hernandez,sarah.hernandez198@gmail.com,917-555-0198,Buyer,Buy
915,523 Grand St,Jersey City,NJ,07302,Paulus Hook,Single Family,4,4.0,2057,"$2,174,249","$2,152,473",2025-06-26,Closed,Nancy Williams,nancy.williams23@dreamhomes.com,212-555-0023,Jersey City Financial Center,Susan Wilson,susan.wilson231@gmail.com,917-555-0231,Seller,Sell
916,63 Broadway,Greenwich,CT,06830,Greenwich Harbor,Co-op,6,5.5,2515,"$3,689,505","$3,731,109",2025-06-04,Closed,Matthew White,matthew.white20@dreamhomes.com,212-555-0020,Greenwich Gold Coast Office,Joseph Harris,joseph.harris113@gmail.com,917-555-0113,Seller,Buy
917,238 5th Ave,Greenwich,CT,06830,Stamford Downtown,Condo,2,2.0,1297,"$1,070,025","$1,076,076",2025-02-20,Closed,Jessica Smith,jessica.smith10@dreamhomes.com,212-555-0010,Greenwich Gold Coast Office,Elizabeth Anderson,elizabeth.anderson29@gmail.com,917-555-0029,Buyer,Sell
918,57 Park Ave,New York,NY,11201,DUMBO,Co-op,2,2.0,1262,"$2,202,190","$2,263,477",2025-01-31,Closed,Robert White,robert.white22@dreamhomes.com,212-555-0022,Brooklyn Waterfront Office,Daniel Williams,daniel.williams338@gmail.com,917-555-0338,Seller,Buy
919,358 Park Ave,New York,NY,10012,SoHo,Townhouse,5,4.8,2233,"$5,526,675","$5,464,390",2025-05-15,Closed,Melissa Williams,melissa.williams11@dreamhomes.com,212-555-0011,Manhattan Flagship Office,Anthony Jones,anthony.jones248@gmail.com,917-555-0248,Investor,Buy
920,378 Ocean Ave,New York,ny,10012,Tribeca,Condo,3,2.2,3683,"$8,975,471","$9,115,871",2025-02-10,Closed,Kenneth Lee,kenneth.lee21@dreamhomes.com,212-555-0021,Manhattan Flagship Office,Kenneth Miller,kenneth.miller232@gmail.com,917-555-0232,Investor,Sell
921,235 Ocean Ave,Hoboken,NJ,07030,Hoboken Waterfront,Co-op,6,5.5,3906,"$5,003,586","$4,917,805",2025-01-02,Closed,James Clark,james.clark14@dreamhomes.com,212-555-0014,Hoboken Uptown Office,James Wilson,james.wilson331@gmail.com,917-555-0331,Renter,Sell
922,661 Grand St,Jersey City,NJ,07302,Downtown Jersey City,Single Family,1,1.8,2348,"$2,521,752","$2,436,247",2025-05-04,Closed,Nancy Williams,nancy.williams23@dreamhomes.com,212-555-0023,Jersey City Financial Center,Betty Sanchez,betty.sanchez308@gmail.com,917-555-0308,Buyer,Sell
923,424 Grand St,New York,NY,11201,DUMBO,Single Family,6,5.5,3124,"$5,429,512","$5,259,283",2025-04-04,Closed,Kevin Martinez,kevin.martinez27@dreamhomes.com,212-555-0027,Brooklyn Waterfront Office,Betty Robinson,betty.robinson3@gmail.com,917-555-0003,Investor,Sell
924,923 Broadway,Hoboken,NJ,07030,Hoboken Waterfront,Co-op,6,4.5,2337,"$2,778,693","$2,673,465",2025-06-16,Closed,Carol Moore,carol.moore24@dreamhomes.com,212-555-0024,Hoboken Uptown Office,Andrew Perez,andrew.perez211@gmail.com,917-555-0211,Investor,Buy
925,876 Broadway,Jersey City,NJ,07302,Downtown Jersey City,Co-op,5,4.2,946,"$1,006,544","$971,637",2025-05-08,Closed,Michael Anderson,michael.anderson13@dreamhomes.com,212-555-0013,Jersey City Financial Center,William Hernandez,william.hernandez194@gmail.com,917-555-0194,Renter,Buy
926,516 Ocean Ave,Greenwich,CT,06830,Stamford Downtown,Single Family,6,5.0,1809,"$1,425,492","$1,378,199",2025-05-17,Closed,Emily Wilson,emily.wilson30@dreamhomes.com,212-555-0030,Greenwich Gold Coast Office,Kevin Perez,kevin.perez178@gmail.com,917-555-0178,Seller,Buy
927,207 Grand St,New York,NY,11201,DUMBO,Condo,3,2.2,1279,"$2,084,770","$2,064,252",2025-05-13,Closed,Robert White,robert.white22@dreamhomes.com,212-555-0022,Brooklyn Waterfront Office,Carol Johnson,carol.johnson106@gmail.com,917-555-0106,Buyer,Sell
928,826 5th Ave,Greenwich,ct,06830,Stamford Downtown,Townhouse,5,4.8,1970,"$1,723,750","$1,638,500",2025-06-07,Closed,Emily Wilson,emily.wilson30@dreamhomes.com,212-555-0030,Greenwich Gold Coast Office,William Lee,william.lee60@gmail.com,917-555-0060,Seller,Buy
929,611 5th Ave,New York,NY,11201,Williamsburg,Co-op,2,2.5,2187,"$3,050,865","$2,983,475",2025-05-08,Closed,Kenneth Taylor,kenneth.taylor2@dreamhomes.com,212-555-0002,Brooklyn Waterfront Office,Brian Martin,brian.martin159@gmail.com,917-555-0159,Seller,Buy
930,291 Washington St,New York,NY,11201,Williamsburg,Single Family,2,2.0,971,"$1,425,428","$1,444,084",2025-07-16,Closed,Linda Martinez,linda.martinez12@dreamhomes.com,212-555-0012,Brooklyn Waterfront Office,Nancy Lopez,nancy.lopez212@gmail.com,917-555-0212,Investor,Buy
931,538 Park Ave,Hoboken,NJ,07030,Hoboken Waterfront,Townhouse,3,3.2,2452,"$3,106,684","$2,971,880",2025-03-31,Closed,Carol Moore,carol.moore24@dreamhomes.com,212-555-0024,Hoboken Uptown Office,Elizabeth Anderson,elizabeth.anderson29@gmail.com,917-555-0029,Buyer,Lease
932,404 Washington St,New York,NY,11201,Williamsburg,Co-op,2,1.5,2837,"$3,858,320","$3,728,071",2025-03-11,Closed,Kevin Moore,kevin.moore7@dreamhomes.com,212-555-0007,Brooklyn Waterfront Office,Joseph Moore,joseph.moore128@gmail.com,917-555-0128,Investor,Buy
933,965 Broadway,New York,NY,10012,SoHo,Condo,2,2.0,1113,"$2,615,550",$0,2025-01-16,Active,Carol Wilson,carol.wilson6@dreamhomes.com,212-555-0006,Manhattan Flagship Office,William Anderson,william.anderson241@gmail.com,917-555-0241,Seller,Lease
934,990 Ocean Ave,Hoboken,NJ,07030,Hoboken Waterfront,Single Family,3,2.2,2402,"$2,831,958",$0,2025-03-25,Active,James Clark,james.clark14@dreamhomes.com,212-555-0014,Hoboken Uptown Office,Betty Hernandez,betty.hernandez173@gmail.com,917-555-0173,Seller,Buy
935,792 Grand St,Greenwich,CT,06830,Stamford Downtown,Single Family,4,3.5,3968,"$3,154,560","$3,136,150",2025-06-20,Closed,Jessica Smith,jessica.smith10@dreamhomes.com,212-555-0010,Greenwich Gold Coast Office,Brian Lee,brian.lee94@gmail.com,917-555-0094,Buyer,Sell
936,916 Broadway,New York,ny,10012,Upper East Side,Condo,5,4.2,1744,"$3,292,672","$3,149,224",2025-02-14,Closed,Emily Jones,emily.jones26@dreamhomes.com,212-555-0026,Manhattan Flagship Office,Richard Sanchez,richard.sanchez174@gmail.com,917-555-0174,Renter,Lease
937,86 Broadway,Greenwich,CT,06830,Greenwich Harbor,Single Family,5,4.8,1870,"$3,025,660","$3,054,813",2025-07-08,Closed,Matthew White,matthew.white20@dreamhomes.com,212-555-0020,Greenwich Gold Coast Office,Jennifer Davis,jennifer.davis330@gmail.com,917-555-0330,Buyer,Buy
938,913 Park Ave,New York,NY,11201,Williamsburg,Single Family,1,1.8,1716,"$2,345,772",$0,2025-04-19,Active,Robert White,robert.white22@dreamhomes.com,212-555-0022,Brooklyn Waterfront Office,Barbara Moore,barbara.moore121@gmail.com,917-555-0121,Buyer,Lease
939,878 Grand St,Jersey City,NJ,07302,Downtown Jersey City,Single Family,5,4.8,2346,"$2,489,106","$2,519,726",2025-06-09,Closed,Nancy Williams,nancy.williams23@dreamhomes.com,212-555-0023,Jersey City Financial Center,Kenneth Wilson,kenneth.wilson42@gmail.com,917-555-0042,Renter,Buy
940,173 Broadway,Greenwich,CT,06830,Stamford Downtown,Co-op,2,1.5,1686,"$1,370,718",$0,2025-04-23,Active,Charles Martinez,charles.martinez25@dreamhomes.com,212-555-0025,Greenwich Gold Coast Office,Anthony Jones,anthony.jones248@gmail.com,917-555-0248,Investor,Sell
941,746 Ocean Ave,New York,NY,10012,Upper East Side,Single Family,5,3.8,1220,"$2,293,600","$2,280,644",2025-04-30,Closed,Kenneth Lee,kenneth.lee21@dreamhomes.com,212-555-0021,Manhattan Flagship Office,Lisa Garcia,lisa.garcia226@gmail.com,917-555-0226,Buyer,Lease
942,115 Washington St,Jersey City,NJ,07302,Downtown Jersey City,Co-op,4,4.0,3205,"$3,762,670","$3,863,564",2025-06-27,Closed,Donna Harris,donna.harris8@dreamhomes.com,212-555-0008,Jersey City Financial Center,Richard Sanchez,richard.sanchez174@gmail.com,917-555-0174,Renter,Sell
943,539 Broadway,Jersey City,NJ,07302,Downtown Jersey City,Townhouse,6,5.5,3456,"$4,057,344",$0,2025-01-19,Pending,Michael Anderson,michael.anderson13@dreamhomes.com,212-555-0013,Jersey City Financial Center,William Brown,william.brown160@gmail.com,917-555-0160,Investor,Buy
944,374 Grand St,Jersey City,nj,07302,Downtown Jersey City,Multi-Family,5,3.8,1068,"$1,071,204","$1,085,883",2025-04-24,Closed,Michael Lewis,michael.lewis3@dreamhomes.com,212-555-0003,Jersey City Financial Center,Patricia White,patricia.white100@gmail.com,917-555-0100,Renter,Buy
945,88 Park Ave,New York,NY,11201,DUMBO,Townhouse,5,4.2,2050,"$3,243,100","$3,248,300",2025-06-19,Closed,Robert White,robert.white22@dreamhomes.com,212-555-0022,Brooklyn Waterfront Office,Donna Clark,donna.clark327@gmail.com,917-555-0327,Buyer,Sell
946,657 5th Ave,Jersey City,NJ,07302,Paulus Hook,Single Family,5,4.2,3392,"$3,829,568",$0,2025-03-25,Pending,Mary Ramirez,mary.ramirez28@dreamhomes.com,212-555-0028,Jersey City Financial Center,Elizabeth Thompson,elizabeth.thompson249@gmail.com,917-555-0249,Buyer,Sell
947,69 5th Ave,Greenwich,CT,06830,Stamford Downtown,Multi-Family,2,2.0,3532,"$2,928,028","$2,881,237",2025-01-31,Closed,Charles Martinez,charles.martinez25@dreamhomes.com,212-555-0025,Greenwich Gold Coast Office,Andrew Ramirez,andrew.ramirez340@gmail.com,917-555-0340,Seller,Lease
948,305 Broadway,Jersey City,NJ,07302,Paulus Hook,Single Family,4,3.5,3150,"$3,329,550","$3,423,166",2025-02-15,Closed,Nancy Williams,nancy.williams23@dreamhomes.com,212-555-0023,Jersey City Financial Center,Mary Taylor,mary.taylor48@gmail.com,917-555-0048,Renter,Sell
949,577 Washington St,Greenwich,CT,06830,Stamford Downtown,Multi-Family,2,2.5,801,"$744,129",$0,2025-02-03,Active,Brian Martin,brian.martin5@dreamhomes.com,212-555-0005,Greenwich Gold Coast Office,Daniel Moore,daniel.moore76@gmail.com,917-555-0076,Seller,Buy
950,167 5th Ave,New York,NY,11201,Williamsburg,Multi-Family,1,0.8,3841,"$5,266,011","$5,248,572",2025-06-20,Closed,Betty Rodriguez,betty.rodriguez17@dreamhomes.com,212-555-0017,Brooklyn Waterfront Office,Robert Moore,robert.moore55@gmail.com,917-555-0055,Renter,Lease
951,883 5th Ave,New York,NY,11201,Williamsburg,Townhouse,3,2.2,2192,"$3,220,048","$3,078,618",2025-06-17,Closed,Kenneth Taylor,kenneth.taylor2@dreamhomes.com,212-555-0002,Brooklyn Waterfront Office,Linda Johnson,linda.johnson108@gmail.com,917-555-0108,Seller,Buy
952,296 Grand St,Greenwich,ct,06830,Stamford Downtown,Co-op,4,4.0,1871,"$1,633,383","$1,648,380",2025-01-28,Closed,Matthew White,matthew.white20@dreamhomes.com,212-555-0020,Greenwich Gold Coast Office,Betty Hernandez,betty.hernandez173@gmail.com,917-555-0173,Seller,Lease
953,403 Washington St,Hoboken,NJ,07030,Hoboken Waterfront,Townhouse,2,2.0,1022,"$1,132,376","$1,145,124",2025-01-26,Closed,Joseph Lewis,joseph.lewis4@dreamhomes.com,212-555-0004,Hoboken Uptown Office,Mary Anderson,mary.anderson230@gmail.com,917-555-0230,Seller,Lease
954,692 Washington St,Jersey City,NJ,07302,Paulus Hook,Co-op,5,3.8,1889,"$2,019,341","$1,981,609",2025-01-01,Closed,Mary Ramirez,mary.ramirez28@dreamhomes.com,212-555-0028,Jersey City Financial Center,Barbara Perez,barbara.perez243@gmail.com,917-555-0243,Seller,Buy
955,178 5th Ave,New York,NY,10012,SoHo,Townhouse,1,0.8,3142,"$7,880,136",$0,2025-04-28,Active,Emily Jones,emily.jones26@dreamhomes.com,212-555-0026,Manhattan Flagship Office,Carol Thompson,carol.thompson187@gmail.com,917-555-0187,Investor,Sell
956,150 Park Ave,Hoboken,NJ,07030,Hoboken Waterfront,Condo,4,3.5,3687,"$4,295,355","$4,246,577",2025-03-07,Closed,Carol Moore,carol.moore24@dreamhomes.com,212-555-0024,Hoboken Uptown Office,Jennifer Jackson,jennifer.jackson279@gmail.com,917-555-0279,Buyer,Buy
957,922 Ocean Ave,Jersey City,NJ,07302,Paulus Hook,Townhouse,1,0.8,2330,"$2,418,540","$2,416,872",2025-05-04,Closed,Michael Lewis,michael.lewis3@dreamhomes.com,212-555-0003,Jersey City Financial Center,Melissa Garcia,melissa.garcia333@gmail.com,917-555-0333,Seller,Lease
958,337 Park Ave,Greenwich,CT,06830,Stamford Downtown,Condo,6,5.0,3036,"$2,447,016","$2,436,703",2025-02-25,Closed,Brian Martin,brian.martin5@dreamhomes.com,212-555-0005,Greenwich Gold Coast Office,Karen Thomas,karen.thomas290@gmail.com,917-555-0290,Seller,Buy
959,921 Ocean Ave,Greenwich,CT,06830,Stamford Downtown,Condo,4,4.0,963,"$871,515","$865,366",2025-02-23,Closed,Jessica Smith,jessica.smith10@dreamhomes.com,212-555-0010,Greenwich Gold Coast Office,John Taylor,john.taylor300@gmail.com,917-555-0300,Renter,Buy
960,468 Broadway,New York,ny,11201,DUMBO,Single Family,4,3.0,1424,"$2,349,600","$2,274,868",2025-06-29,Closed,Linda Martinez,linda.martinez12@dreamhomes.com,212-555-0012,Brooklyn Waterfront Office,Anthony Lee,anthony.lee244@gmail.com,917-555-0244,Renter,Buy
961,115 Grand St,Hoboken,NJ,07030,Hoboken Waterfront,Condo,6,5.5,3951,"$4,689,837","$4,763,164",2025-03-15,Closed,Lisa Lopez,lisa.lopez29@dreamhomes.com,212-555-0029,Hoboken Uptown Office,Richard Johnson,richard.johnson311@gmail.com,917-555-0311,Investor,Buy
962,463 Washington St,New York,NY,10012,Upper East Side,Condo,4,4.0,1265,"$2,380,730","$2,451,360",2025-03-20,Closed,Melissa Williams,melissa.williams11@dreamhomes.com,212-555-0011,Manhattan Flagship Office,Anthony Rodriguez,anthony.rodriguez119@gmail.com,917-555-0119,Investor,Buy
963,117 Washington St,New York,NY,11201,Williamsburg,Single Family,5,4.8,3646,"$5,421,602","$5,235,974",2025-02-11,Closed,Betty Rodriguez,betty.rodriguez17@dreamhomes.com,212-555-0017,Brooklyn Waterfront Office,Amanda Thomas,amanda.thomas297@gmail.com,917-555-0297,Renter,Sell
964,670 Ocean Ave,New York,NY,11201,DUMBO,Multi-Family,2,2.0,3617,"$6,250,176","$6,164,477",2025-05-30,Closed,Kevin Moore,kevin.moore7@dreamhomes.com,212-555-0007,Brooklyn Waterfront Office,Karen Miller,karen.miller158@gmail.com,917-555-0158,Seller,Buy
965,931 Grand St,New York,NY,10012,Upper East Side,Single Family,1,1.2,2889,"$5,405,319","$5,280,775",2025-06-10,Closed,Christopher Miller,christopher.miller16@dreamhomes.com,212-555-0016,Manhattan Flagship Office,David Taylor,david.taylor253@gmail.com,917-555-0253,Seller,Sell
966,650 Broadway,Greenwich,CT,06830,Greenwich Harbor,Townhouse,4,3.0,1054,"$1,591,540","$1,574,536",2025-04-02,Closed,Brian Martin,brian.martin5@dreamhomes.com,212-555-0005,Greenwich Gold Coast Office,Linda Lopez,linda.lopez163@gmail.com,917-555-0163,Renter,Sell
967,770 5th Ave,New York,NY,11201,DUMBO,Co-op,5,3.8,1049,"$1,778,055","$1,773,278",2025-06-20,Closed,Linda Martinez,linda.martinez12@dreamhomes.com,212-555-0012,Brooklyn Waterfront Office,Patricia White,patricia.white100@gmail.com,917-555-0100,Renter,Lease
968,69 5th Ave,New York,ny,10012,SoHo,Townhouse,3,2.2,1883,"$4,490,955","$4,580,843",2025-04-24,Closed,Melissa Williams,melissa.williams11@dreamhomes.com,212-555-0011,Manhattan Flagship Office,David Lewis,david.lewis147@gmail.com,917-555-0147,Investor,Sell
969,106 Washington St,New York,NY,11201,Williamsburg,Condo,6,5.0,3286,"$4,922,428","$4,957,029",2025-04-09,Closed,Robert White,robert.white22@dreamhomes.com,212-555-0022,Brooklyn Waterfront Office,Kenneth Miller,kenneth.miller232@gmail.com,917-555-0232,Investor,Buy
970,362 Park Ave,Hoboken,NJ,07030,Hoboken Waterfront,Single Family,3,3.2,3397,"$4,280,220","$4,277,795",2025-07-19,Closed,Joseph Lewis,joseph.lewis4@dreamhomes.com,212-555-0004,Hoboken Uptown Office,Daniel Martin,daniel.martin304@gmail.com,917-555-0304,Seller,Buy
971,914 Broadway,Jersey City,NJ,07302,Downtown Jersey City,Co-op,2,2.0,3119,"$3,262,474",$0,2025-01-22,Active,Michael Anderson,michael.anderson13@dreamhomes.com,212-555-0013,Jersey City Financial Center,Donna Robinson,donna.robinson189@gmail.com,917-555-0189,Seller,Sell
972,459 Washington St,Greenwich,CT,06830,Stamford Downtown,Co-op,1,1.2,1615,"$1,510,025",$0,2025-07-18,Active,Matthew White,matthew.white20@dreamhomes.com,212-555-0020,Greenwich Gold Coast Office,Anthony Jackson,anthony.jackson4@gmail.com,917-555-0004,Renter,Lease
973,922 Ocean Ave,New York,NY,11201,Williamsburg,Co-op,5,4.2,986,"$1,305,464","$1,263,985",2025-02-05,Closed,Robert White,robert.white22@dreamhomes.com,212-555-0022,Brooklyn Waterfront Office,Donna Harris,donna.harris168@gmail.com,917-555-0168,Investor,Buy
974,562 Ocean Ave,Greenwich,CT,06830,Greenwich Harbor,Single Family,3,2.2,1345,"$2,149,310",$0,2025-06-19,Active,Brian Martin,brian.martin5@dreamhomes.com,212-555-0005,Greenwich Gold Coast Office,Sandra Lopez,sandra.lopez152@gmail.com,917-555-0152,Seller,Lease
975,404 Ocean Ave,New York,NY,11201,DUMBO,Co-op,4,3.5,3793,"$6,008,112","$6,105,417",2025-04-13,Closed,Linda Martinez,linda.martinez12@dreamhomes.com,212-555-0012,Brooklyn Waterfront Office,Linda Garcia,linda.garcia265@gmail.com,917-555-0265,Seller,Lease
976,249 Washington St,Hoboken,nj,07030,Hoboken Waterfront,Single Family,1,1.2,2689,"$3,135,374","$3,032,057",2025-06-04,Closed,Lisa Lopez,lisa.lopez29@dreamhomes.com,212-555-0029,Hoboken Uptown Office,Christopher Moore,christopher.moore154@gmail.com,917-555-0154,Seller,Sell
977,543 Washington St,Greenwich,CT,06830,Greenwich Harbor,Single Family,1,0.8,2446,"$3,979,642","$3,923,670",2025-04-18,Closed,Emily Wilson,emily.wilson30@dreamhomes.com,212-555-0030,Greenwich Gold Coast Office,William Lee,william.lee120@gmail.com,917-555-0120,Buyer,Lease
978,116 Ocean Ave,Greenwich,CT,06830,Stamford Downtown,Townhouse,6,4.5,4116,"$3,572,688","$3,418,387",2025-04-20,Closed,Charles Martinez,charles.martinez25@dreamhomes.com,212-555-0025,Greenwich Gold Coast Office,Amanda Moore,amanda.moore31@gmail.com,917-555-0031,Buyer,Lease
979,311 5th Ave,New York,NY,10012,SoHo,Single Family,2,2.0,933,"$2,216,808","$2,209,159",2025-06-10,Closed,Carol Wilson,carol.wilson6@dreamhomes.com,212-555-0006,Manhattan Flagship Office,Charles Moore,charles.moore148@gmail.com,917-555-0148,Investor,Buy
980,791 Ocean Ave,New York,NY,10012,Tribeca,Single Family,2,2.5,2146,"$5,122,502","$5,007,602",2025-04-06,Closed,Melissa Williams,melissa.williams11@dreamhomes.com,212-555-0011,Manhattan Flagship Office,Donna Brown,donna.brown161@gmail.com,917-555-0161,Buyer,Lease
981,168 5th Ave,Hoboken,NJ,07030,Hoboken Waterfront,Condo,5,3.8,3023,"$3,709,221","$3,812,901",2025-01-04,Closed,Lisa Lopez,lisa.lopez29@dreamhomes.com,212-555-0029,Hoboken Uptown Office,Joshua Smith,joshua.smith283@gmail.com,917-555-0283,Seller,Buy
982,917 Broadway,New York,NY,11201,Williamsburg,Single Family,5,4.2,3778,"$5,020,962","$5,006,097",2025-03-29,Closed,Kevin Moore,kevin.moore7@dreamhomes.com,212-555-0007,Brooklyn Waterfront Office,Jessica Garcia,jessica.garcia334@gmail.com,917-555-0334,Seller,Sell
983,832 5th Ave,Greenwich,CT,06830,Greenwich Harbor,Townhouse,2,2.0,4096,"$6,639,616","$6,762,336",2025-02-23,Closed,Emily Wilson,emily.wilson30@dreamhomes.com,212-555-0030,Greenwich Gold Coast Office,Charles Hernandez,charles.hernandez22@gmail.com,917-555-0022,Renter,Buy
984,336 Park Ave,New York,ny,10012,SoHo,Townhouse,3,3.2,2411,"$5,653,795","$5,560,301",2025-06-01,Closed,Emily Jones,emily.jones26@dreamhomes.com,212-555-0026,Manhattan Flagship Office,Jessica Brown,jessica.brown348@gmail.com,917-555-0348,Renter,Sell
985,241 Grand St,Hoboken,NJ,07030,Hoboken Waterfront,Multi-Family,1,1.2,3060,"$3,971,880","$3,788,228",2025-05-11,Closed,Joseph Lewis,joseph.lewis4@dreamhomes.com,212-555-0004,Hoboken Uptown Office,Michael Sanchez,michael.sanchez309@gmail.com,917-555-0309,Renter,Sell
986,366 Park Ave,Jersey City,NJ,07302,Paulus Hook,Townhouse,1,1.2,2357,"$2,430,067",$0,2025-05-16,Pending,Donna Harris,donna.harris8@dreamhomes.com,212-555-0008,Jersey City Financial Center,Lisa Robinson,lisa.robinson18@gmail.com,917-555-0018,Seller,Sell
987,287 Ocean Ave,New York,NY,11201,Williamsburg,Co-op,3,2.8,2803,"$4,120,410","$4,054,741",2025-01-26,Closed,Kevin Moore,kevin.moore7@dreamhomes.com,212-555-0007,Brooklyn Waterfront Office,Susan Jones,susan.jones177@gmail.com,917-555-0177,Renter,Buy
988,848 5th Ave,New York,NY,10012,SoHo,Single Family,6,4.5,3337,"$8,132,269","$7,910,377",2025-05-30,Closed,Melissa Williams,melissa.williams11@dreamhomes.com,212-555-0011,Manhattan Flagship Office,Kenneth Wilson,kenneth.wilson42@gmail.com,917-555-0042,Renter,Buy
989,263 Park Ave,New York,NY,11201,Williamsburg,Townhouse,5,3.8,3734,"$5,395,630","$5,357,257",2025-04-07,Closed,Robert White,robert.white22@dreamhomes.com,212-555-0022,Brooklyn Waterfront Office,John Taylor,john.taylor300@gmail.com,917-555-0300,Renter,Sell
990,273 Grand St,New York,NY,11201,DUMBO,Co-op,3,2.2,1056,"$1,767,744",$0,2025-01-29,Active,Kevin Martinez,kevin.martinez27@dreamhomes.com,212-555-0027,Brooklyn Waterfront Office,Kenneth Rodriguez,kenneth.rodriguez200@gmail.com,917-555-0200,Investor,Buy
991,186 Grand St,Hoboken,NJ,07030,Hoboken Waterfront,Co-op,6,4.5,2451,"$2,941,200","$2,904,837",2025-05-22,Closed,Daniel Sanchez,daniel.sanchez19@dreamhomes.com,212-555-0019,Hoboken Uptown Office,David Moore,david.moore286@gmail.com,917-555-0286,Investor,Sell
992,579 Washington St,Hoboken,nj,07030,Hoboken Waterfront,Townhouse,4,3.5,3118,"$4,037,810",$0,2025-03-29,Pending,Daniel Sanchez,daniel.sanchez19@dreamhomes.com,212-555-0019,Hoboken Uptown Office,Joshua Hernandez,joshua.hernandez105@gmail.com,917-555-0105,Seller,Lease
993,141 Broadway,Greenwich,CT,06830,Greenwich Harbor,Co-op,5,4.2,3301,"$5,410,339","$5,181,168",2025-01-15,Closed,Emily Wilson,emily.wilson30@dreamhomes.com,212-555-0030,Greenwich Gold Coast Office,Kenneth Perez,kenneth.perez156@gmail.com,917-555-0156,Buyer,Sell
994,845 Washington St,Jersey City,NJ,07302,Downtown Jersey City,Multi-Family,5,4.8,2817,"$3,132,504","$3,106,503",2025-03-16,Closed,Nancy Williams,nancy.williams23@dreamhomes.com,212-555-0023,Jersey City Financial Center,Kevin Davis,kevin.davis6@gmail.com,917-555-0006,Seller,Lease
995,499 Ocean Ave,Greenwich,CT,06830,Stamford Downtown,Single Family,3,3.2,975,"$840,450","$839,498",2025-02-07,Closed,Matthew White,matthew.white20@dreamhomes.com,212-555-0020,Greenwich Gold Coast Office,William Sanchez,william.sanchez41@gmail.com,917-555-0041,Investor,Lease
996,961 Grand St,Greenwich,CT,06830,Greenwich Harbor,Multi-Family,5,3.8,2262,"$3,592,056","$3,633,303",2025-04-25,Closed,Matthew White,matthew.white20@dreamhomes.com,212-555-0020,Greenwich Gold Coast Office,Charles Hernandez,charles.hernandez22@gmail.com,917-555-0022,Renter,Buy
997,877 Grand St,New York,NY,11201,DUMBO,Single Family,6,5.5,2236,"$3,776,604","$3,721,566",2025-04-10,Closed,Kevin Moore,kevin.moore7@dreamhomes.com,212-555-0007,Brooklyn Waterfront Office,Emily Moore,emily.moore131@gmail.com,917-555-0131,Renter,Sell
998,349 Broadway,Greenwich,CT,06830,Greenwich Harbor,Townhouse,2,1.5,3279,"$5,138,193",$0,2025-01-26,Active,Brian Martin,brian.martin5@dreamhomes.com,212-555-0005,Greenwich Gold Coast Office,Carol Williams,carol.williams332@gmail.com,917-555-0332,Renter,Buy
999,471 Washington St,New York,NY,11201,Williamsburg,Townhouse,3,2.8,3897,"$5,315,508","$5,228,234",2025-05-18,Closed,Kevin Moore,kevin.moore7@dreamhomes.com,212-555-0007,Brooklyn Waterfront Office,Lisa Rodriguez,lisa.rodriguez217@gmail.com,917-555-0217,Renter,Lease
1000,956 5th Ave,Greenwich,ct,06830,Stamford Downtown,Townhouse,2,2.0,2893,"$2,644,202",$0,2025-06-01,Active,Donna Perez,donna.perez15@dreamhomes.com,212-555-0015,Greenwich Gold Coast Office,Michelle Anderson,michelle.anderson270@gmail.com,917-555-0270,Investor,Buy
